date,year,month,yearmonth,week,weekday,weekdaynum,points_04,points_05,points_06,points_07,points_09,points
2018-01-01,2018,January,Jan 2018,1,Mon,1,0,250,250,0,90,118
2018-01-02,2018,January,Jan 2018,1,Tues,2,0,250,250,0,90,118
2018-01-03,2018,January,Jan 2018,1,Wed,3,0,250,250,0,90,118
2018-01-04,2018,January,Jan 2018,1,Thurs,4,0,250,250,0,90,118
2018-01-05,2018,January,Jan 2018,1,Fri,5,0,250,250,0,90,118
2018-01-06,2018,January,Jan 2018,1,Sat,6,0,250,250,0,90,118
2018-01-07,2018,January,Jan 2018,1,Sun,7,0,250,250,0,90,118
2018-01-08,2018,January,Jan 2018,2,Mon,1,0,0,0,0,0,0
2018-01-09,2018,January,Jan 2018,2,Tues,2,0,0,0,0,0,0
2018-01-10,2018,January,Jan 2018,2,Wed,3,0,0,0,0,0,0
2018-01-11,2018,January,Jan 2018,2,Thurs,4,0,0,0,0,0,0
2018-01-12,2018,January,Jan 2018,2,Fri,5,0,0,0,0,0,0
2018-01-13,2018,January,Jan 2018,2,Sat,6,0,0,0,0,0,0
2018-01-14,2018,January,Jan 2018,2,Sun,7,0,0,0,0,0,0
2018-01-15,2018,January,Jan 2018,3,Mon,1,2000,450,2000,2000,0,1290
2018-01-16,2018,January,Jan 2018,3,Tues,2,2000,450,2000,2000,0,1290
2018-01-17,2018,January,Jan 2018,3,Wed,3,2000,450,2000,2000,0,1290
2018-01-18,2018,January,Jan 2018,3,Thurs,4,2000,450,2000,2000,0,1290
2018-01-19,2018,January,Jan 2018,3,Fri,5,2000,450,2000,2000,0,1290
2018-01-20,2018,January,Jan 2018,3,Sat,6,2000,450,2000,2000,0,1290
2018-01-21,2018,January,Jan 2018,3,Sun,7,2000,450,2000,2000,0,1290
2018-01-22,2018,January,Jan 2018,4,Mon,1,2000,450,2000,2000,0,1290
2018-01-23,2018,January,Jan 2018,4,Tues,2,2000,450,2000,2000,0,1290
2018-01-24,2018,January,Jan 2018,4,Wed,3,2000,450,2000,2000,0,1290
2018-01-25,2018,January,Jan 2018,4,Thurs,4,2000,450,2000,2000,0,1290
2018-01-26,2018,January,Jan 2018,4,Fri,5,2000,450,2000,2000,0,1290
2018-01-27,2018,January,Jan 2018,4,Sat,6,2000,450,2000,2000,0,1290
2018-01-28,2018,January,Jan 2018,4,Sun,7,2000,450,2000,2000,0,1290
2018-01-29,2018,January,Jan 2018,5,Mon,1,0,0,0,0,0,0
2018-01-30,2018,January,Jan 2018,5,Tues,2,0,0,0,0,0,0
2018-01-31,2018,January,Jan 2018,5,Wed,3,0,0,0,0,0,0
2018-02-01,2018,February,Feb 2018,5,Thurs,4,0,0,0,0,0,0
2018-02-02,2018,February,Feb 2018,5,Fri,5,0,0,0,0,0,0
2018-02-03,2018,February,Feb 2018,5,Sat,6,0,0,0,0,0,0
2018-02-04,2018,February,Feb 2018,5,Sun,7,0,0,0,0,0,0
2018-02-05,2018,February,Feb 2018,6,Mon,1,0,0,0,0,0,0
2018-02-06,2018,February,Feb 2018,6,Tues,2,0,0,0,0,0,0
2018-02-07,2018,February,Feb 2018,6,Wed,3,0,0,0,0,0,0
2018-02-08,2018,February,Feb 2018,6,Thurs,4,0,0,0,0,0,0
2018-02-09,2018,February,Feb 2018,6,Fri,5,0,0,0,0,0,0
2018-02-10,2018,February,Feb 2018,6,Sat,6,0,0,0,0,0,0
2018-02-11,2018,February,Feb 2018,6,Sun,7,0,0,0,0,0,0
2018-02-12,2018,February,Feb 2018,7,Mon,1,0,0,0,0,0,0
2018-02-13,2018,February,Feb 2018,7,Tues,2,60,250,0,0,0,62
2018-02-14,2018,February,Feb 2018,7,Wed,3,60,250,0,0,0,62
2018-02-15,2018,February,Feb 2018,7,Thurs,4,60,250,0,0,0,62
2018-02-16,2018,February,Feb 2018,7,Fri,5,60,250,0,0,0,62
2018-02-17,2018,February,Feb 2018,7,Sat,6,60,250,0,0,0,62
2018-02-18,2018,February,Feb 2018,7,Sun,7,60,250,0,0,0,62
2018-02-19,2018,February,Feb 2018,8,Mon,1,60,250,0,0,0,62
2018-02-20,2018,February,Feb 2018,8,Tues,2,0,300,0,0,0,60
2018-02-21,2018,February,Feb 2018,8,Wed,3,0,300,0,0,0,60
2018-02-22,2018,February,Feb 2018,8,Thurs,4,0,300,0,0,0,60
2018-02-23,2018,February,Feb 2018,8,Fri,5,0,300,0,0,0,60
2018-02-24,2018,February,Feb 2018,8,Sat,6,0,300,0,0,0,60
2018-02-25,2018,February,Feb 2018,8,Sun,7,0,300,0,0,0,60
2018-02-26,2018,February,Feb 2018,9,Mon,1,300,0,210,300,0,162
2018-02-27,2018,February,Feb 2018,9,Tues,2,300,0,210,300,0,162
2018-02-28,2018,February,Feb 2018,9,Wed,3,300,0,210,300,0,162
2018-03-01,2018,March,Mar 2018,9,Thurs,4,300,0,210,300,0,162
2018-03-02,2018,March,Mar 2018,9,Fri,5,300,0,210,300,0,162
2018-03-03,2018,March,Mar 2018,9,Sat,6,300,0,210,300,0,162
2018-03-04,2018,March,Mar 2018,9,Sun,7,300,0,210,300,0,162
2018-03-05,2018,March,Mar 2018,10,Mon,1,500,0,1000,5,360,373
2018-03-06,2018,March,Mar 2018,10,Tues,2,500,1000,1000,5,360,573
2018-03-07,2018,March,Mar 2018,10,Wed,3,500,1000,1000,5,360,573
2018-03-08,2018,March,Mar 2018,10,Thurs,4,500,1000,1000,5,360,573
2018-03-09,2018,March,Mar 2018,10,Fri,5,500,1000,1000,5,360,573
2018-03-10,2018,March,Mar 2018,10,Sat,6,500,1000,1000,5,360,573
2018-03-11,2018,March,Mar 2018,10,Sun,7,500,1000,1000,5,360,573
2018-03-12,2018,March,Mar 2018,11,Mon,1,500,1000,1000,5,360,573
2018-03-13,2018,March,Mar 2018,11,Tues,2,500,1000,1000,5,360,573
2018-03-14,2018,March,Mar 2018,11,Wed,3,500,1000,1000,5,360,573
2018-03-15,2018,March,Mar 2018,11,Thurs,4,500,1000,1000,5,360,573
2018-03-16,2018,March,Mar 2018,11,Fri,5,500,1000,1000,5,360,573
2018-03-17,2018,March,Mar 2018,11,Sat,6,500,1000,1000,5,360,573
2018-03-18,2018,March,Mar 2018,11,Sun,7,500,1000,1000,5,360,573
2018-03-19,2018,March,Mar 2018,12,Mon,1,35,1000,1000,75,360,494
2018-03-20,2018,March,Mar 2018,12,Tues,2,35,1000,1000,75,360,494
2018-03-21,2018,March,Mar 2018,12,Wed,3,35,1000,1000,75,360,494
2018-03-22,2018,March,Mar 2018,12,Thurs,4,35,1000,1000,75,360,494
2018-03-23,2018,March,Mar 2018,12,Fri,5,35,1000,1000,75,360,494
2018-03-24,2018,March,Mar 2018,12,Sat,6,35,1000,1000,75,360,494
2018-03-25,2018,March,Mar 2018,12,Sun,7,35,1000,1000,75,360,494
2018-03-26,2018,March,Mar 2018,13,Mon,1,35,1000,1000,75,360,494
2018-03-27,2018,March,Mar 2018,13,Tues,2,35,1000,1000,75,360,494
2018-03-28,2018,March,Mar 2018,13,Wed,3,35,1000,1000,75,360,494
2018-03-29,2018,March,Mar 2018,13,Thurs,4,35,1000,1000,75,360,494
2018-03-30,2018,March,Mar 2018,13,Fri,5,35,1000,1000,75,360,494
2018-03-31,2018,March,Mar 2018,13,Sat,6,35,1000,1000,75,360,494
2018-04-01,2018,April,Apr 2018,13,Sun,7,35,1000,1000,75,360,494
2018-04-02,2018,April,Apr 2018,14,Mon,1,0,0,0,0,0,0
2018-04-03,2018,April,Apr 2018,14,Tues,2,0,0,0,0,0,0
2018-04-04,2018,April,Apr 2018,14,Wed,3,0,0,0,0,0,0
2018-04-05,2018,April,Apr 2018,14,Thurs,4,0,0,0,0,0,0
2018-04-06,2018,April,Apr 2018,14,Fri,5,0,0,0,0,0,0
2018-04-07,2018,April,Apr 2018,14,Sat,6,0,0,0,0,0,0
2018-04-08,2018,April,Apr 2018,14,Sun,7,0,0,0,0,0,0
2018-04-09,2018,April,Apr 2018,15,Mon,1,0,125,0,0,90,43
2018-04-10,2018,April,Apr 2018,15,Tues,2,0,125,0,0,90,43
2018-04-11,2018,April,Apr 2018,15,Wed,3,0,125,0,0,90,43
2018-04-12,2018,April,Apr 2018,15,Thurs,4,0,125,0,0,90,43
2018-04-13,2018,April,Apr 2018,15,Fri,5,0,125,0,0,90,43
2018-04-14,2018,April,Apr 2018,15,Sat,6,0,125,0,0,90,43
2018-04-15,2018,April,Apr 2018,15,Sun,7,0,125,0,0,90,43
2018-04-16,2018,April,Apr 2018,16,Mon,1,0,0,350,350,0,140
2018-04-17,2018,April,Apr 2018,16,Tues,2,0,0,350,350,0,140
2018-04-18,2018,April,Apr 2018,16,Wed,3,0,0,350,350,0,140
2018-04-19,2018,April,Apr 2018,16,Thurs,4,0,0,350,350,0,140
2018-04-20,2018,April,Apr 2018,16,Fri,5,0,0,350,350,0,140
2018-04-21,2018,April,Apr 2018,16,Sat,6,0,0,350,350,0,140
2018-04-22,2018,April,Apr 2018,16,Sun,7,0,0,350,350,0,140
2018-04-23,2018,April,Apr 2018,17,Mon,1,0,0,0,0,360,72
2018-04-24,2018,April,Apr 2018,17,Tues,2,0,0,0,0,360,72
2018-04-25,2018,April,Apr 2018,17,Wed,3,0,0,0,0,360,72
2018-04-26,2018,April,Apr 2018,17,Thurs,4,0,0,0,0,360,72
2018-04-27,2018,April,Apr 2018,17,Fri,5,0,0,0,0,360,72
2018-04-28,2018,April,Apr 2018,17,Sat,6,0,0,0,0,360,72
2018-04-29,2018,April,Apr 2018,17,Sun,7,0,0,0,0,0,0
2018-04-30,2018,April,Apr 2018,18,Mon,1,0,0,0,0,0,0
2018-05-01,2018,May,May 2018,18,Tues,2,35,0,0,0,0,7
2018-05-02,2018,May,May 2018,18,Wed,3,35,0,0,0,0,7
2018-05-03,2018,May,May 2018,18,Thurs,4,35,0,0,0,0,7
2018-05-04,2018,May,May 2018,18,Fri,5,35,0,0,0,0,7
2018-05-05,2018,May,May 2018,18,Sat,6,35,0,0,0,0,7
2018-05-06,2018,May,May 2018,18,Sun,7,35,0,0,0,0,7
2018-05-07,2018,May,May 2018,19,Mon,1,500,1000,350,75,1000,585
2018-05-08,2018,May,May 2018,19,Tues,2,500,1000,350,75,1000,585
2018-05-09,2018,May,May 2018,19,Wed,3,500,1000,350,75,1000,585
2018-05-10,2018,May,May 2018,19,Thurs,4,500,1000,350,75,1000,585
2018-05-11,2018,May,May 2018,19,Fri,5,500,1000,350,75,1000,585
2018-05-12,2018,May,May 2018,19,Sat,6,500,1000,350,75,1000,585
2018-05-13,2018,May,May 2018,19,Sun,7,500,1000,350,75,1000,585
2018-05-14,2018,May,May 2018,20,Mon,1,0,0,0,500,0,100
2018-05-15,2018,May,May 2018,20,Tues,2,0,0,0,500,0,100
2018-05-16,2018,May,May 2018,20,Wed,3,0,0,0,500,0,100
2018-05-17,2018,May,May 2018,20,Thurs,4,0,0,0,500,0,100
2018-05-18,2018,May,May 2018,20,Fri,5,0,0,0,500,0,100
2018-05-19,2018,May,May 2018,20,Sat,6,0,0,0,500,0,100
2018-05-20,2018,May,May 2018,20,Sun,7,0,0,0,500,0,100
2018-05-21,2018,May,May 2018,21,Mon,1,75,450,0,0,0,105
2018-05-22,2018,May,May 2018,21,Tues,2,75,450,0,0,0,105
2018-05-23,2018,May,May 2018,21,Wed,3,75,450,0,0,0,105
2018-05-24,2018,May,May 2018,21,Thurs,4,75,450,0,0,0,105
2018-05-25,2018,May,May 2018,21,Fri,5,75,450,0,0,0,105
2018-05-26,2018,May,May 2018,21,Sat,6,75,450,0,0,0,105
2018-05-27,2018,May,May 2018,21,Sun,7,75,450,0,0,0,105
2018-05-28,2018,May,May 2018,22,Mon,1,75,450,1200,1200,0,585
2018-05-29,2018,May,May 2018,22,Tues,2,75,450,1200,1200,0,585
2018-05-30,2018,May,May 2018,22,Wed,3,75,450,1200,1200,0,585
2018-05-31,2018,May,May 2018,22,Thurs,4,75,450,1200,1200,0,585
2018-06-01,2018,June,Jun 2018,22,Fri,5,75,450,1200,1200,0,585
2018-06-02,2018,June,Jun 2018,22,Sat,6,75,450,1200,1200,0,585
2018-06-03,2018,June,Jun 2018,22,Sun,7,75,450,1200,1200,0,585
2018-06-04,2018,June,Jun 2018,23,Mon,1,225,225,1200,1200,0,570
2018-06-05,2018,June,Jun 2018,23,Tues,2,225,225,1200,1200,0,570
2018-06-06,2018,June,Jun 2018,23,Wed,3,225,225,1200,1200,0,570
2018-06-07,2018,June,Jun 2018,23,Thurs,4,225,225,1200,1200,0,570
2018-06-08,2018,June,Jun 2018,23,Fri,5,225,225,1200,1200,0,570
2018-06-09,2018,June,Jun 2018,23,Sat,6,225,225,1200,1200,0,570
2018-06-10,2018,June,Jun 2018,23,Sun,7,225,225,1200,1200,0,570
2018-06-11,2018,June,Jun 2018,24,Mon,1,0,0,225,0,0,45
2018-06-12,2018,June,Jun 2018,24,Tues,2,0,0,225,0,0,45
2018-06-13,2018,June,Jun 2018,24,Wed,3,0,0,225,0,0,45
2018-06-14,2018,June,Jun 2018,24,Thurs,4,0,0,225,0,0,45
2018-06-15,2018,June,Jun 2018,24,Fri,5,0,0,225,0,0,45
2018-06-16,2018,June,Jun 2018,24,Sat,6,0,0,225,0,0,45
2018-06-17,2018,June,Jun 2018,24,Sun,7,0,0,225,0,0,45
2018-06-18,2018,June,Jun 2018,25,Mon,1,0,0,0,0,0,0
2018-06-19,2018,June,Jun 2018,25,Tues,2,0,0,0,0,0,0
2018-06-20,2018,June,Jun 2018,25,Wed,3,0,0,0,0,0,0
2018-06-21,2018,June,Jun 2018,25,Thurs,4,0,0,0,0,0,0
2018-06-22,2018,June,Jun 2018,25,Fri,5,0,0,0,0,0,0
2018-06-23,2018,June,Jun 2018,25,Sat,6,0,0,0,0,0,0
2018-06-24,2018,June,Jun 2018,25,Sun,7,0,0,0,0,0,0
2018-06-25,2018,June,Jun 2018,26,Mon,1,2000,2000,2000,2000,0,1600
2018-06-26,2018,June,Jun 2018,26,Tues,2,2000,2000,2000,2000,0,1600
2018-06-27,2018,June,Jun 2018,26,Wed,3,2000,2000,2000,2000,0,1600
2018-06-28,2018,June,Jun 2018,26,Thurs,4,2000,2000,2000,2000,0,1600
2018-06-29,2018,June,Jun 2018,26,Fri,5,2000,2000,2000,2000,0,1600
2018-06-30,2018,June,Jun 2018,26,Sat,6,2000,2000,2000,2000,0,1600
2018-07-01,2018,July,Jul 2018,26,Sun,7,2000,2000,2000,2000,0,1600
2018-07-02,2018,July,Jul 2018 ,27,Mon,1,2000,2000,2000,2000,0,1600
2018-07-03,2018,July,Jul 2018,27,Tues,2,2000,2000,2000,2000,0,1600
2018-07-04,2018,July,Jul 2018 ,27,Wed,3,2000,2000,2000,2000,0,1600
2018-07-05,2018,July,Jul 2018,27,Thurs,4,2000,2000,2000,2000,0,1600
2018-07-06,2018,July,Jul 2018 ,27,Fri,5,2000,2000,2000,2000,0,1600
2018-07-07,2018,July,Jul 2018,27,Sat,6,2000,2000,2000,2000,0,1600
2018-07-08,2018,July,Jul 2018 ,27,Sun,7,2000,2000,2000,2000,0,1600
2018-07-09,2018,July,Jul 2018,28,Mon,1,0,0,0,0,0,0
2018-07-10,2018,July,Jul 2018 ,28,Tues,2,0,0,0,0,0,0
2018-07-11,2018,July,Jul 2018,28,Wed,3,0,0,0,0,0,0
2018-07-12,2018,July,Jul 2018 ,28,Thurs,4,0,0,0,0,0,0
2018-07-13,2018,July,Jul 2018,28,Fri,5,0,0,0,0,0,0
2018-07-14,2018,July,Jul 2018 ,28,Sat,6,0,0,0,0,0,0
2018-07-15,2018,July,Jul 2018,28,Sun,7,0,0,0,0,0,0
2018-07-16,2018,July,Jul 2018 ,29,Mon,1,0,0,0,0,0,0
2018-07-17,2018,July,Jul 2018,29,Tues,2,0,0,0,0,0,0
2018-07-18,2018,July,Jul 2018 ,29,Wed,3,0,0,0,0,0,0
2018-07-19,2018,July,Jul 2018,29,Thurs,4,0,0,0,0,0,0
2018-07-20,2018,July,Jul 2018 ,29,Fri,5,0,0,0,0,0,0
2018-07-21,2018,July,Jul 2018,29,Sat,6,0,0,0,0,0,0
2018-07-22,2018,July,Jul 2018 ,29,Sun,7,0,0,0,0,0,0
2018-07-23,2018,July,Jul 2018,30,Mon,1,500,0,0,0,0,100
2018-07-24,2018,July,Jul 2018 ,30,Tues,2,500,0,0,0,0,100
2018-07-25,2018,July,Jul 2018,30,Wed,3,500,0,0,0,0,100
2018-07-26,2018,July,Jul 2018 ,30,Thurs,4,500,0,0,0,0,100
2018-07-27,2018,July,Jul 2018,30,Fri,5,500,0,0,0,0,100
2018-07-28,2018,July,Jul 2018 ,30,Sat,6,500,0,0,0,0,100
2018-07-29,2018,July,Jul 2018,30,Sun,7,0,0,0,0,0,0
2018-07-30,2018,July,Jul 2018 ,31,Mon,1,0,0,0,0,0,0
2018-07-31,2018,July,Jul 2018,31,Tues,2,0,0,0,0,0,0
2018-08-01,2018,August,Aug 2018,31,Wed,3,5,0,0,0,0,1
2018-08-02,2018,August,Aug 2018,31,Thurs,4,5,0,0,0,0,1
2018-08-03,2018,August,Aug 2018,31,Fri,5,5,0,0,0,0,1
2018-08-04,2018,August,Aug 2018,31,Sat,6,5,0,0,0,0,1
2018-08-05,2018,August,Aug 2018,31,Sun,7,5,0,0,0,0,1
2018-08-06,2018,August,Aug 2018,32,Mon,1,0,0,1000,600,180,356
2018-08-07,2018,August,Aug 2018,32,Tues,2,0,0,1000,600,180,356
2018-08-08,2018,August,Aug 2018,32,Wed,3,0,0,1000,600,180,356
2018-08-09,2018,August,Aug 2018,32,Thurs,4,0,0,1000,600,180,356
2018-08-10,2018,August,Aug 2018,32,Fri,5,0,0,1000,600,180,356
2018-08-11,2018,August,Aug 2018,32,Sat,6,0,0,1000,600,180,356
2018-08-12,2018,August,Aug 2018,32,Sun,7,0,0,1000,600,180,356
2018-08-13,2018,August,Aug 2018,33,Mon,1,25,1000,35,1000,1000,612
2018-08-14,2018,August,Aug 2018,33,Tues,2,25,1000,35,1000,1000,612
2018-08-15,2018,August,Aug 2018,33,Wed,3,25,1000,35,1000,1000,612
2018-08-16,2018,August,Aug 2018,33,Thurs,4,25,1000,35,1000,1000,612
2018-08-17,2018,August,Aug 2018,33,Fri,5,25,1000,35,1000,1000,612
2018-08-18,2018,August,Aug 2018,33,Sat,6,25,1000,35,1000,1000,612
2018-08-19,2018,August,Aug 2018,33,Sun,7,25,1000,35,1000,1000,612
2018-08-20,2018,August,Aug 2018,34,Mon,1,0,0,0,0,0,0
2018-08-21,2018,August,Aug 2018,34,Tues,2,0,0,0,0,0,0
2018-08-22,2018,August,Aug 2018,34,Wed,3,0,0,0,0,0,0
2018-08-23,2018,August,Aug 2018,34,Thurs,4,0,0,0,0,0,0
2018-08-24,2018,August,Aug 2018,34,Fri,5,0,0,0,0,0,0
2018-08-25,2018,August,Aug 2018,34,Sat,6,0,0,0,0,0,0
2018-08-26,2018,August,Aug 2018,34,Sun,7,0,0,0,0,0,0
2018-08-27,2018,August,Aug 2018,35,Mon,1,2000,2000,2000,2000,0,1600
2018-08-28,2018,August,Aug 2018,35,Tues,2,2000,2000,2000,2000,0,1600
2018-08-29,2018,August,Aug 2018,35,Wed,3,2000,2000,2000,2000,0,1600
2018-08-30,2018,August,Aug 2018,35,Thurs,4,2000,2000,2000,2000,0,1600
2018-08-31,2018,August,Aug 2018,35,Fri,5,2000,2000,2000,2000,0,1600
2018-09-01,2018,September,Sep 2018,35,Sat,6,2000,2000,2000,2000,0,1600
2018-09-02,2018,September,Sep 2018,35,Sun,7,2000,2000,2000,2000,0,1600
2018-09-03,2018,September,Sep 2018,36,Mon,1,2000,2000,2000,2000,0,1600
2018-09-04,2018,September,Sep 2018,36,Tues,2,2000,2000,2000,2000,0,1600
2018-09-05,2018,September,Sep 2018,36,Wed,3,2000,2000,2000,2000,0,1600
2018-09-06,2018,September,Sep 2018,36,Thurs,4,2000,2000,2000,2000,0,1600
2018-09-07,2018,September,Sep 2018,36,Fri,5,2000,2000,2000,2000,0,1600
2018-09-08,2018,September,Sep 2018,36,Sat,6,2000,2000,2000,2000,0,1600
2018-09-09,2018,September,Sep 2018,36,Sun,7,2000,2000,2000,2000,0,1600
2018-09-10,2018,September,Sep 2018,37,Mon,1,0,0,0,0,0,0
2018-09-11,2018,September,Sep 2018,37,Tues,2,0,0,0,0,0,0
2018-09-12,2018,September,Sep 2018,37,Wed,3,0,0,0,0,0,0
2018-09-13,2018,September,Sep 2018,37,Thurs,4,0,0,0,0,0,0
2018-09-14,2018,September,Sep 2018,37,Fri,5,0,0,0,0,0,0
2018-09-15,2018,September,Sep 2018,37,Sat,6,0,0,0,0,0,0
2018-09-16,2018,September,Sep 2018,37,Sun,7,0,0,0,0,0,0
2018-09-17,2018,September,Sep 2018,38,Mon,1,0,0,0,0,0,0
2018-09-18,2018,September,Sep 2018,38,Tues,2,0,0,0,0,0,0
2018-09-19,2018,September,Sep 2018,38,Wed,3,0,0,0,0,0,0
2018-09-20,2018,September,Sep 2018,38,Thurs,4,0,0,0,0,0,0
2018-09-21,2018,September,Sep 2018,38,Fri,5,0,0,0,0,0,0
2018-09-22,2018,September,Sep 2018,38,Sat,6,0,0,0,0,0,0
2018-09-23,2018,September,Sep 2018,38,Sun,7,0,0,0,0,0,0
2018-09-24,2018,September,Sep 2018,39,Mon,1,175,175,0,0,0,70
2018-09-25,2018,September,Sep 2018,39,Tues,2,175,175,0,0,0,70
2018-09-26,2018,September,Sep 2018,39,Wed,3,175,175,0,0,0,70
2018-09-27,2018,September,Sep 2018,39,Thurs,4,175,175,0,0,0,70
2018-09-28,2018,September,Sep 2018,39,Fri,5,175,175,0,0,0,70
2018-09-29,2018,September,Sep 2018,39,Sat,6,175,175,0,0,0,70
2018-09-30,2018,September,Sep 2018,39,Sun,7,175,175,0,0,0,70
2018-10-01,2018,October,Oct 2018,40,Mon,1,0,0,250,0,0,50
2018-10-02,2018,October,Oct 2018,40,Tues,2,0,0,250,0,0,50
2018-10-03,2018,October,Oct 2018,40,Wed,3,0,0,250,0,0,50
2018-10-04,2018,October,Oct 2018,40,Thurs,4,0,0,250,0,0,50
2018-10-05,2018,October,Oct 2018,40,Fri,5,0,0,250,0,0,50
2018-10-06,2018,October,Oct 2018,40,Sat,6,0,0,250,0,0,50
2018-10-07,2018,October,Oct 2018,40,Sun,7,0,0,250,0,0,50
2018-10-08,2018,October,Oct 2018,41,Mon,1,0,0,0,0,0,0
2018-10-09,2018,October,Oct 2018,41,Tues,2,0,0,0,0,0,0
2018-10-10,2018,October,Oct 2018,41,Wed,3,0,0,0,0,0,0
2018-10-11,2018,October,Oct 2018,41,Thurs,4,0,0,0,0,0,0
2018-10-12,2018,October,Oct 2018,41,Fri,5,0,0,0,0,0,0
2018-10-13,2018,October,Oct 2018,41,Sat,6,0,0,0,0,0,0
2018-10-14,2018,October,Oct 2018,41,Sun,7,0,0,0,0,0,0
2018-10-15,2018,October,Oct 2018,42,Mon,1,0,0,1000,600,0,320
2018-10-16,2018,October,Oct 2018,42,Tues,2,0,0,1000,600,0,320
2018-10-17,2018,October,Oct 2018,42,Wed,3,0,0,1000,600,0,320
2018-10-18,2018,October,Oct 2018,42,Thurs,4,0,0,1000,600,0,320
2018-10-19,2018,October,Oct 2018,42,Fri,5,0,0,1000,600,0,320
2018-10-20,2018,October,Oct 2018,42,Sat,6,0,0,1000,600,0,320
2018-10-21,2018,October,Oct 2018,42,Sun,7,0,0,1000,600,0,320
2018-10-22,2018,October,Oct 2018,43,Mon,1,0,0,250,250,0,100
2018-10-23,2018,October,Oct 2018,43,Tues,2,0,0,250,250,0,100
2018-10-24,2018,October,Oct 2018,43,Wed,3,0,0,250,250,0,100
2018-10-25,2018,October,Oct 2018,43,Thurs,4,0,0,250,250,0,100
2018-10-26,2018,October,Oct 2018,43,Fri,5,0,0,250,250,0,100
2018-10-27,2018,October,Oct 2018,43,Sat,6,0,0,250,250,0,100
2018-10-28,2018,October,Oct 2018,43,Sun,7,0,0,250,250,0,100
2018-10-29,2018,October,Oct 2018,44,Mon,1,0,0,0,75,300,75
2018-10-30,2018,October,Oct 2018,44,Tues,2,0,0,0,75,300,75
2018-10-31,2018,October,Oct 2018,44,Wed,3,0,0,0,75,300,75
2018-11-01,2018,November,Nov 2018,44,Thurs,4,0,0,0,75,300,75
2018-11-02,2018,November,Nov 2018,44,Fri,5,0,0,0,75,300,75
2018-11-03,2018,November,Nov 2018,44,Sat,6,0,0,0,75,300,75
2018-11-04,2018,November,Nov 2018,44,Sun,7,0,0,0,75,300,75
2018-11-05,2018,November,Nov 2018,45,Mon,1,0,0,0,0,10,2
2018-11-06,2018,November,Nov 2018,45,Tues,2,0,0,0,0,10,2
2018-11-07,2018,November,Nov 2018,45,Wed,3,0,0,0,0,10,2
2018-11-08,2018,November,Nov 2018,45,Thurs,4,0,0,0,0,10,2
2018-11-09,2018,November,Nov 2018,45,Fri,5,0,0,0,0,10,2
2018-11-10,2018,November,Nov 2018,45,Sat,6,0,0,0,0,10,2
2018-11-11,2018,November,Nov 2018,45,Sun,7,0,0,0,0,10,2
2018-11-12,2018,November,Nov 2018,46,Mon,1,750,500,750,650,0,530
2018-11-13,2018,November,Nov 2018,46,Tues,2,750,500,750,650,0,530
2018-11-14,2018,November,Nov 2018,46,Wed,3,750,500,750,650,0,530
2018-11-15,2018,November,Nov 2018,46,Thurs,4,750,500,750,650,0,530
2018-11-16,2018,November,Nov 2018,46,Fri,5,750,500,750,650,0,530
2018-11-17,2018,November,Nov 2018,46,Sat,6,750,500,750,650,0,530
2018-11-18,2018,November,Nov 2018,46,Sun,7,750,500,750,650,0,530
2018-11-19,2018,November,Nov 2018,47,Mon,1,0,0,0,0,400,80
2018-11-20,2018,November,Nov 2018,47,Tues,2,0,0,0,0,400,80
2018-11-21,2018,November,Nov 2018,47,Wed,3,0,0,0,0,400,80
2018-11-22,2018,November,Nov 2018,47,Thurs,4,0,0,0,0,400,80
2018-11-23,2018,November,Nov 2018,47,Fri,5,0,0,0,0,400,80
2018-11-24,2018,November,Nov 2018,47,Sat,6,0,0,0,0,400,80
2018-11-25,2018,November,Nov 2018,47,Sun,7,0,0,0,0,400,80
2018-11-26,2018,November,Nov 2018,48,Mon,1,0,0,0,0,0,0
2018-11-27,2018,November,Nov 2018,48,Tues,2,0,0,0,0,0,0
2018-11-28,2018,November,Nov 2018,48,Wed,3,0,0,0,0,0,0
2018-11-29,2018,November,Nov 2018,48,Thurs,4,0,0,0,0,0,0
2018-11-30,2018,November,Nov 2018,48,Fri,5,0,0,0,0,0,0
2018-12-01,2018,December,Dec 2018,48,Sat,6,0,0,0,0,0,0
2018-12-02,2018,December,Dec 2018,48,Sun,7,0,0,0,0,0,0
2018-12-03,2018,December,Dec 2018,49,Mon,1,0,0,0,0,0,0
2018-12-04,2018,December,Dec 2018,49,Tues,2,0,0,0,0,0,0
2018-12-05,2018,December,Dec 2018,49,Wed,3,0,0,0,0,0,0
2018-12-06,2018,December,Dec 2018,49,Thurs,4,0,0,0,0,0,0
2018-12-07,2018,December,Dec 2018,49,Fri,5,0,0,0,0,0,0
2018-12-08,2018,December,Dec 2018,49,Sat,6,0,0,0,0,0,0
2018-12-09,2018,December,Dec 2018,49,Sun,7,0,0,0,0,0,0
2018-12-10,2018,December,Dec 2018,50,Mon,1,0,0,0,0,0,0
2018-12-11,2018,December,Dec 2018,50,Tues,2,0,0,0,0,0,0
2018-12-12,2018,December,Dec 2018,50,Wed,3,0,0,0,0,0,0
2018-12-13,2018,December,Dec 2018,50,Thurs,4,0,0,0,0,0,0
2018-12-14,2018,December,Dec 2018,50,Fri,5,0,0,0,0,0,0
2018-12-15,2018,December,Dec 2018,50,Sat,6,0,0,0,0,0,0
2018-12-16,2018,December,Dec 2018,50,Sun,7,0,0,0,0,0,0
2018-12-17,2018,December,Dec 2018,51,Mon,1,0,0,0,0,0,0
2018-12-18,2018,December,Dec 2018,51,Tues,2,0,0,0,0,0,0
2018-12-19,2018,December,Dec 2018,51,Wed,3,0,0,0,0,0,0
2018-12-20,2018,December,Dec 2018,51,Thurs,4,0,0,0,0,0,0
2018-12-21,2018,December,Dec 2018,51,Fri,5,0,0,0,0,0,0
2018-12-22,2018,December,Dec 2018,51,Sat,6,0,0,0,0,0,0
2018-12-23,2018,December,Dec 2018,51,Sun,7,0,0,0,0,0,0
2018-12-24,2018,December,Dec 2018,52,Mon,1,0,0,0,0,0,0
2018-12-25,2018,December,Dec 2018,52,Tues,2,0,0,0,0,0,0
2018-12-26,2018,December,Dec 2018,52,Wed,3,0,0,0,0,0,0
2018-12-27,2018,December,Dec 2018,52,Thurs,4,0,0,0,0,0,0
2018-12-28,2018,December,Dec 2018,52,Fri,5,0,0,0,0,0,0
2018-12-29,2018,December,Dec 2018,52,Sat,6,0,0,0,0,0,0
2018-12-30,2018,December,Dec 2018,52,Sun,7,0,0,0,0,0,0
2018-12-31,2018,December,Dec 2018,53,Mon,1,0,0,0,0,0,0
