Year,NAME,TEAM,POS,CUSH,SEP,TAY,TAY%,REC,TAR,CTCH%,YDS,TD,YAC/R,xYAC/R,+/-,Component1,Component2,Component3,Segment K-means PCA,Segment
2016,Tyreek Hill,KC,WR,7.8,3.5,7.9,16.71,61,83,73.49,599,6,4.7,5.3,-0.7,-0.7663888819604543,-2.154727191051454,-1.8645889787406056,0,first
2018,Ryan Griffin,HOU,TE,5.1,3.4,7.9,7.71,24,43,55.81,305,0,6.8,5.6,1.1,-3.278677883499204,-1.3536767746995269,1.7258727514524146,0,first
2018,Dallas Goedert,PHI,TE,5.2,3.3,7.7,7.74,33,44,75.0,334,4,5.7,5.2,0.5,-2.371723477542574,-1.7744855994675706,0.05798372937150632,0,first
2017,Pierre Garcon,SF,WR,6.2,2.7,9.6,13.1,40,67,59.7,500,0,4.8,4.1,0.7,-1.731021471989175,0.2762333281585335,0.4310309691748954,0,first
2017,Jermaine Gresham,ARI,TE,6.2,2.9,5.9,4.74,33,46,71.74,322,2,4.7,3.9,0.8,-2.7674665481769365,-0.8184515996006506,-0.4889392355727068,0,first
2018,Anthony Miller,CHI,WR,5.2,3.0,11.3,13.71,33,54,61.11,423,7,5.4,5.4,-0.1,-1.1759614578971735,-0.28091973003748943,0.7325595657048276,0,first
2018,Mark Andrews,BAL,TE,5.2,2.9,10.5,11.26,34,50,68.0,552,3,6.5,5.3,1.2,-1.6357279299097436,-1.2170510559065137,1.6360362425603392,0,first
2017,Jesse James,PIT,TE,6.1,3.3,6.8,8.08,43,63,68.25,372,3,4.6,4.5,0.1,-2.1406664671242033,-1.110490715153878,-0.9276250743032458,0,first
2017,JuJu Smith-Schuster,PIT,WR,6.1,2.7,9.5,14.14,58,79,73.42,917,7,7.2,5.2,2.0,0.36003707492264153,-2.471548595399516,1.8238919085709897,0,first
2017,Keelan Cole,JAX,WR,6.0,2.5,12.7,26.28,42,83,50.6,748,3,7.5,5.7,1.8,0.023998401504758668,-0.5311958995819593,3.4626221075104118,0,first
2017,Randall Cobb,GB,WR,6.0,3.7,5.8,13.39,66,92,71.74,653,4,6.7,6.2,0.5,-0.8330863972697385,-3.638227625803244,-0.18403990952060853,0,first
2018,Dante Pettis,SF,WR,5.4,3.4,11.8,13.52,27,45,60.0,467,5,7.6,5.5,2.1,-1.8265959729037196,-1.6981923262132608,3.0039694112035145,0,first
2018,Randall Cobb,GB,WR,5.4,2.9,8.2,8.84,38,61,62.3,383,2,6.5,6.4,0.1,-2.2018808713968063,-1.477853387623646,0.898611431581157,0,first
2017,Benjamin Watson,BAL,TE,5.9,3.3,5.1,10.79,61,79,77.22,522,4,4.6,4.9,-0.3,-1.1260499526596657,-2.0908721223030136,-1.786498840317071,0,first
2017,Austin Seferian-Jenkins,NYJ,TE,5.9,2.9,6.5,12.61,50,74,67.57,357,3,2.7,3.5,-0.8,-1.3564715411438952,0.48461513836412384,-2.2644882959305117,0,first
2018,Willie Snead,BAL,WR,5.4,3.1,8.3,17.0,62,95,65.26,651,1,4.8,4.2,0.7,-0.41933709207056685,-0.7996781138729712,-0.17953646593124536,0,first
2017,Martellus Bennett,NE,TE,5.9,3.1,5.5,6.07,30,44,68.18,286,0,6.0,4.8,1.3,-3.2657318055397337,-1.625873741443285,0.5867692006105256,0,first
2017,Tyrell Williams,LAC,WR,5.9,3.1,13.5,19.56,43,69,62.32,728,4,8.2,7.2,1.0,-0.6828660808594894,-2.2867859910951767,2.7859658765586577,0,first
2018,Will Fuller,HOU,WR,5.4,3.3,14.6,14.93,32,45,71.11,503,4,5.5,4.7,0.8,-1.4314701561009064,-0.504960887281066,1.0539942163732547,0,first
2017,Danny Amendola,NE,WR,5.8,2.9,8.0,13.15,61,86,70.93,659,2,3.7,4.2,-0.5,-0.5952737251599015,-0.40577309311061255,-1.6356094623202948,0,first
2017,Nelson Agholor,PHI,WR,5.8,3.0,10.2,18.33,62,95,65.26,768,8,5.3,5.2,0.1,0.7154859177987921,-1.1765288414449049,0.08258733947874874,0,first
2018,Sammy Watkins,KC,WR,5.5,3.5,8.4,8.76,40,55,72.73,519,3,6.2,6.2,0.0,-2.108513325678446,-2.4270130277327913,0.011066683496419616,0,first
2018,Vance McDonald,PIT,TE,5.5,3.3,5.7,7.85,50,72,69.44,610,4,7.9,5.6,2.4,-1.4456144312432662,-3.4864553030429306,1.9645139219888625,0,first
2017,Marqise Lee,JAX,WR,5.8,2.7,10.9,26.12,56,96,58.33,702,3,5.4,5.0,0.4,0.37357678012013246,-0.16986644600921466,0.853882588839542,0,first
2017,Ed Dickson,CAR,TE,5.8,3.9,9.6,11.18,30,48,62.5,437,1,7.1,6.4,0.7,-2.903702573227075,-2.49111043363905,1.2563875510935696,0,first
2017,Kenny Golladay,DET,WR,5.7,2.2,14.8,15.54,28,48,58.33,477,3,7.0,7.1,-0.1,-1.506403893783923,-0.07681225585740378,2.4671981351970964,0,first
2017,Trent Taylor,SF,WR,6.2,2.7,6.4,7.8,43,60,71.67,430,2,4.9,4.8,0.1,-2.0518276960194273,-0.9951840304852975,-0.6665547952429638,0,first
2018,David Njoku,CLE,TE,5.6,3.1,8.5,14.17,56,88,63.64,639,4,6.0,5.1,1.0,-0.5171038140049293,-1.580204432820196,0.7763158763313287,0,first
2018,C.J. Uzomah,CIN,TE,5.0,2.8,7.5,10.8,43,64,67.19,439,3,4.9,4.3,0.6,-1.4208359042972714,-0.4556864571294374,0.08867399848467714,0,first
2017,Eric Ebron,DET,TE,6.3,3.3,7.6,14.39,53,86,61.63,574,4,5.1,4.9,0.2,-0.9420586585070966,-1.27254754962862,-0.35798833334539276,0,first
2019,Danny Amendola,DET,WR,6.3,3.0,8.9,16.2,62,97,63.92,678,1,3.6,4.1,-0.5,-0.48788789773956937,-0.03488677795208504,-1.4867037011866484,0,first
2016,Jared Cook,GB,TE,4.9,2.9,10.6,9.43,30,51,58.82,377,1,4.9,5.8,-0.9,-2.346694999497417,0.20105335984213268,0.09539054754442432,0,first
2019,Allen Hurns,MIA,WR,6.3,3.0,11.0,9.71,32,47,68.09,416,2,3.5,4.2,-0.7,-2.2424756463163122,0.5240162367612138,-1.2091935172476085,0,first
2016,Hunter Henry,LAC,TE,4.8,2.8,9.5,9.88,36,53,67.92,478,8,5.6,4.6,1.0,-0.9154667925903712,-0.697251713584405,1.0673321025214277,0,first
2019,Marquise Brown,BAL,WR,6.4,3.0,10.9,21.04,46,71,64.79,584,7,5.4,5.1,0.3,-0.2863622158395391,-0.8120785816406045,0.45860287175915304,0,first
2019,Allen Lazard,GB,WR,6.4,2.9,13.8,14.97,35,52,67.31,477,3,4.1,4.9,-0.7,-1.5448548883819024,0.4877325858368379,-0.45486208849983295,0,first
2019,Alex Erickson,CIN,WR,6.6,2.7,8.8,14.41,43,78,55.13,529,0,5.6,4.3,1.3,-1.566020052188477,-0.19860886170890177,1.1464862093566897,0,first
2019,Hunter Renfrow,OAK,WR,6.7,3.5,6.6,14.79,49,71,69.01,605,4,6.8,4.9,1.9,-1.3480780303887743,-2.8547181282498473,0.9682904764623498,0,first
2017,Cooper Kupp,LAR,WR,7.4,3.1,9.3,21.25,62,94,65.96,869,5,6.0,5.4,0.6,0.1776554398259319,-2.013197813085286,0.25626253273977484,0,first
2019,Steven Sims,WAS,WR,6.7,3.2,7.3,11.6,34,56,60.71,310,4,5.0,5.5,-0.5,-2.3858346824312093,-0.9302407137989943,-0.5539388878544225,0,first
2017,Taylor Gabriel,ATL,WR,7.3,3.0,10.0,10.96,33,51,64.71,378,1,6.9,5.8,1.1,-2.726242176234379,-1.7104083932889573,1.4039373923238236,0,first
2017,Travis Benjamin,LAC,WR,7.3,3.5,15.3,20.87,34,65,52.31,567,4,6.2,5.6,0.6,-1.3086993128322968,-0.5708991440998104,1.693007930043583,0,first
2019,Jacob Hollister,SEA,TE,6.8,3.5,5.8,7.3,41,59,69.49,349,3,4.4,5.1,-0.7,-2.6347396334729143,-1.5684242411802418,-1.7978721723601934,0,first
2018,Jamison Crowder,WAS,WR,6.4,2.9,9.1,10.71,29,49,59.18,388,2,7.6,5.9,1.8,-2.553294748500196,-1.7418059045693033,2.5569934559175946,0,first
2017,Ryan Grant,WAS,WR,7.0,2.9,9.8,15.05,45,65,69.23,573,4,5.3,4.9,0.5,-1.19104685161366,-1.0667963057198702,0.07923565971723133,0,first
2017,Tyler Lockett,SEA,WR,7.0,2.9,12.7,16.62,45,71,63.38,555,2,4.3,5.1,-0.7,-1.2264000977983835,0.1532688921529704,-0.5676451131399883,0,first
2017,Kendall Wright,CHI,WR,6.9,3.0,7.6,19.79,59,91,64.84,614,1,3.7,4.0,-0.3,-0.7183471241798989,-0.24513298003996628,-1.5306017538352832,0,first
2017,Ted Ginn,NO,WR,6.9,3.5,12.0,25.14,53,70,75.71,787,4,5.7,6.2,-0.5,-0.3876845047137806,-2.1533764813090426,-0.44970507481882505,0,first
2017,Adam Humphries,TB,WR,6.9,3.4,6.6,9.01,61,83,73.49,631,1,5.0,5.2,-0.2,-1.6034674602637147,-2.2540447316388224,-1.5118061815950843,0,first
2017,Bruce Ellington,HOU,WR,6.7,2.9,9.8,10.35,29,57,50.88,330,2,4.5,4.9,-0.4,-2.4950590850812273,0.6026817722881391,0.012799507380175943,0,first
2017,Albert Wilson,KC,WR,6.7,4.1,5.7,8.73,42,62,67.74,554,3,8.0,7.8,0.2,-2.7246923355823296,-4.625999008405368,0.4710770081535331,0,first
2018,O.J. Howard,TB,TE,4.5,2.5,11.1,8.11,34,48,70.83,565,5,6.9,4.8,2.1,-1.13339182165672,-1.006052437271447,2.5805672079629343,0,first
2017,Robert Woods,LAR,WR,6.5,3.0,10.8,22.34,56,85,65.88,781,5,5.5,5.2,0.3,0.1654524956344471,-1.1338007754722117,0.30327690648663225,0,first
2017,Jamison Crowder,WAS,WR,6.5,3.2,7.4,18.11,66,103,64.08,789,3,5.8,6.3,-0.5,-0.22517607005914644,-2.2099858734473754,-0.5498650439249736,0,first
2017,Terrance Williams,DAL,WR,6.3,3.1,9.1,17.2,53,78,67.95,568,0,4.4,5.2,-0.8,-1.3159945445841286,-0.7092684012789536,-1.2276962438534835,0,first
2017,Brandon LaFell,CIN,WR,6.3,2.7,8.4,18.19,52,89,58.43,548,3,5.1,5.1,0.0,-0.6519700302664144,-0.3994140512810331,0.0739908684726436,0,first
2018,Tyrell Williams,LAC,WR,5.6,2.8,12.5,20.15,41,65,63.08,653,5,5.1,6.0,-0.8,-0.458676645773689,-0.1801608301715309,0.28644707195371555,0,first
2018,Pierre Garcon,SF,WR,5.6,2.8,8.8,10.29,24,46,52.17,286,1,4.7,4.7,0.0,-2.721050819263845,0.7289619720488302,0.4892193436144336,0,first
2018,Austin Hooper,ATL,TE,5.6,3.2,6.7,11.26,71,88,80.68,660,4,3.5,3.8,-0.2,-0.26258234024148885,-1.309796485399019,-2.304314956740445,0,first
2017,Marcedes Lewis,JAX,TE,4.9,3.3,8.4,10.04,24,48,50.0,318,5,7.1,6.2,0.9,-2.3793291886722403,-1.302323801640281,2.2627433703645177,0,first
2017,Kyle Rudolph,MIN,TE,4.9,3.0,7.5,15.2,57,81,70.37,532,8,4.2,4.4,-0.2,0.057675021210654695,-0.7175315129644666,-0.9634386525885191,0,first
2017,Rashard Higgins,CLE,WR,4.8,3.0,9.7,9.05,27,50,54.0,312,2,5.3,4.4,1.0,-2.336119662122592,0.3023089603052182,1.3772899079235161,0,first
2017,Julius Thomas,MIA,TE,4.7,3.2,7.5,9.76,41,62,66.13,388,3,4.0,4.0,0.0,-1.6956142576935833,-0.15350363654888033,-0.8000345065949412,0,first
2018,Christian Kirk,ARI,WR,6.2,2.7,9.8,16.73,43,68,63.24,590,3,5.4,4.7,0.8,-0.9790250894076525,-0.4356801198337457,0.7819371191253575,0,first
2019,Dawson Knox,BUF,TE,4.5,2.8,9.5,10.52,28,50,56.0,388,2,5.6,4.0,1.6,-1.9518049677028075,0.3251935701309481,1.8909787645116403,0,first
2018,Julian Edelman,NE,WR,6.2,3.3,7.7,19.16,74,108,68.52,850,6,5.0,5.0,-0.1,0.7314318061324521,-1.9064396250433226,-0.9889605620309736,0,first
2018,Nelson Agholor,PHI,WR,6.2,3.4,10.5,23.08,64,97,65.98,743,4,6.0,5.7,0.3,0.15708277068196153,-1.9369462093135357,0.2868982265296902,0,first
2018,Chris Hogan,NE,WR,6.2,4.1,12.0,15.24,35,55,63.64,532,3,6.0,5.8,0.2,-2.0699818789188966,-1.8835086224832984,0.4443554830425498,0,first
2018,Josh Reynolds,LAR,WR,7.5,3.0,12.9,13.65,29,52,55.77,402,5,4.8,4.4,0.3,-1.8658248674182265,0.45797181254055735,0.5539881032536547,0,first
2018,Jimmy Graham,GB,TE,6.3,2.9,9.3,14.67,55,89,61.8,636,2,5.1,5.0,0.1,-0.7828829457277366,-0.709667543195528,-0.08758312503541935,0,first
2018,Taywan Taylor,TEN,WR,7.1,3.2,13.2,22.99,37,56,66.07,466,1,4.7,4.3,0.4,-1.5793506144181222,0.02744704685480724,0.15234921646813243,0,first
2018,Taylor Gabriel,CHI,WR,7.0,3.5,11.0,23.01,67,93,72.04,688,2,3.6,4.3,-0.7,-0.19562053434223492,-0.7457410514610188,-1.9855401369645989,0,first
2018,Danny Amendola,MIA,WR,6.3,3.2,7.0,15.57,59,79,74.68,575,1,4.2,4.8,-0.7,-1.1994764041473218,-1.2984249198972708,-1.9122602647317226,0,first
2018,Cooper Kupp,LAR,WR,6.7,3.5,8.6,9.62,40,55,72.73,566,6,7.7,7.0,0.8,-1.8962487812491875,-3.6613492922246227,1.1199658810295814,0,first
2018,Marquez Valdes-Scantling,GB,WR,6.3,3.3,12.6,16.26,38,73,52.05,581,2,6.2,6.7,-0.5,-1.5654829987255048,-0.8607390094961884,1.0066834976880903,0,first
2018,Jordan Reed,WAS,TE,6.6,3.3,6.6,13.36,54,84,64.29,558,2,4.5,4.9,-0.4,-1.3915523415022926,-1.208423370987512,-1.3029350503682955,0,first
2018,Golden Tate,PHI,WR,6.3,3.0,6.3,17.75,74,113,65.49,789,4,5.8,4.6,1.2,0.44065744629954695,-2.0075781938904633,0.15055134150590804,0,first
2018,Maurice Harris,WAS,WR,6.6,3.1,10.5,11.85,28,47,59.57,304,0,3.4,5.3,-1.9,-2.9282843386344015,0.7430755204577912,-1.6554132829361732,0,first
2018,Quincy Enunwa,NYJ,WR,6.6,3.1,7.3,10.73,38,68,55.88,450,1,7.7,5.7,2.0,-2.355891923098505,-2.173871945021914,2.3342603796852486,0,first
2018,Adam Humphries,TB,WR,6.5,3.6,6.1,9.67,76,105,72.38,816,5,5.7,5.3,0.4,-0.19812095400403842,-3.1840672447620695,-0.9944368962374789,0,first
2018,Chris Conley,KC,WR,6.5,3.3,9.5,9.41,32,52,61.54,334,5,4.3,4.1,0.2,-2.1592955576338486,-0.13501890950081474,-0.3882815185278231,0,first
2018,Rashard Higgins,CLE,WR,6.5,3.0,11.2,11.23,39,53,73.58,572,4,4.2,4.4,-0.3,-1.4746601313057448,-0.3309241707035955,-0.8973591410953904,0,first
2018,Laquon Treadwell,MIN,WR,6.3,2.9,6.0,7.05,35,53,66.04,302,1,3.4,3.0,0.4,-2.622721370670872,0.35935628551879234,-1.2328030200845672,0,first
2018,Seth Roberts,OAK,WR,6.4,3.2,8.3,14.48,45,64,70.31,494,2,5.7,4.5,1.2,-1.6616880304270243,-1.5363778454421941,0.35890292852996986,0,first
2018,Emmanuel Sanders,DEN,WR,6.2,3.2,9.3,20.87,71,98,72.45,866,4,4.6,4.1,0.5,0.603826532382843,-1.3039988432590743,-0.7732473857818639,0,first
2018,Dede Westbrook,JAX,WR,6.1,3.5,8.5,23.12,66,101,65.35,715,5,5.7,5.2,0.6,0.2792278377199608,-2.0483879531229294,0.04673298289396868,0,first
2018,D.J. Moore,CAR,WR,6.1,2.9,9.0,17.89,55,82,67.07,788,2,7.9,4.7,3.2,-0.42216190998015707,-2.4444651314131023,2.8944769284204237,0,first
2018,Evan Engram,NYG,TE,6.1,4.4,5.1,7.62,45,64,70.31,577,3,9.0,6.7,2.3,-2.571200721959658,-5.410158331970156,1.827294413997032,0,first
2017,Vernon Davis,WAS,TE,5.7,3.3,10.6,17.31,43,69,62.32,648,3,7.4,6.7,0.7,-1.1823579584729393,-2.25276391895866,1.7712344520205008,0,first
2017,Charles Clay,BUF,TE,5.7,3.1,6.7,12.33,49,74,66.22,558,2,5.8,6.3,-0.5,-1.5595607663469764,-1.8772048538775032,-0.35050935663228555,0,first
2017,Allen Hurns,JAX,WR,5.6,2.5,9.8,13.66,39,56,69.64,484,2,4.9,5.0,-0.2,-1.4831679946393395,-0.09400182813838007,-0.053341274741596466,0,first
2017,Seth DeValve,CLE,TE,5.6,2.9,8.7,9.44,33,58,56.9,395,1,5.3,5.3,0.0,-2.3459641751809377,-0.23515299705181103,0.4535867432556064,0,first
2018,Jeff Heuerman,DEN,TE,5.7,3.3,5.7,6.24,31,48,64.58,281,2,5.0,5.7,-0.7,-3.0651981089632985,-1.2597048089782275,-0.8747059737731714,0,first
2018,Chester Rogers,IND,WR,5.7,3.6,6.4,9.34,53,72,73.61,485,2,5.1,5.9,-0.8,-1.9179900059630601,-2.3219474785488408,-1.5279990119511024,0,first
2017,Hunter Henry,LAC,TE,5.5,3.0,9.3,12.12,45,62,72.58,579,4,4.9,4.0,0.9,-1.03795547259825,-0.778551592010249,0.056902637139565344,0,first
2018,Mohamed Sanu,ATL,WR,5.7,3.0,7.9,14.23,66,94,70.21,838,4,6.1,5.3,0.8,0.05849986930418083,-2.174724142136757,0.32339443137877166,0,first
2018,Nick Vannett,SEA,TE,5.7,3.7,6.1,6.78,29,43,67.44,269,3,5.2,5.0,0.2,-3.093193551971935,-1.6735142279770132,-0.5238906245210246,0,first
2018,Chris Herndon,NYJ,TE,5.7,3.1,10.0,12.07,39,56,69.64,502,4,5.1,4.8,0.4,-1.4966681068536978,-0.8459853853672652,0.1167847254391735,0,first
2017,Tyler Kroft,CIN,TE,5.4,2.9,7.8,11.82,42,62,67.74,404,7,4.9,4.1,0.8,-1.0129800890957903,-0.612216486830718,0.15552902211423333,0,first
2018,Trey Burton,CHI,TE,5.8,3.4,8.1,13.72,54,76,71.05,569,6,3.7,4.2,-0.5,-0.6432957983855103,-0.8203568230052826,-1.7152087685917559,0,first
2019,Josh Reynolds,LAR,WR,6.3,2.7,11.3,10.18,21,43,48.84,326,1,6.9,5.4,1.5,-2.826028033257482,-0.1144765706710825,2.821520204458235,0,first
2018,Kyle Rudolph,MIN,TE,5.8,3.5,6.9,12.58,64,82,78.05,634,4,4.0,4.5,-0.4,-0.6955850399878246,-1.761969534908306,-2.079154567726591,0,first
2017,Austin Hooper,ATL,TE,5.2,3.7,6.3,8.76,49,65,75.38,526,3,5.7,4.8,0.9,-1.7530086200594315,-2.544892536879321,-0.31271446399851693,0,first
2017,Jack Doyle,IND,TE,5.2,3.4,4.9,14.13,80,108,74.07,690,4,4.5,4.8,-0.3,0.14930862758140426,-2.1872565356485496,-1.8836537073007167,0,first
2018,Jordy Nelson,OAK,WR,5.8,2.7,9.0,21.78,63,88,71.59,739,3,4.1,4.0,0.2,0.3067470780668857,-0.29573531394323443,-0.7660479070632851,0,first
2018,Cole Beasley,DAL,WR,5.9,2.9,7.4,16.1,65,87,74.71,672,3,3.4,3.8,-0.4,-0.1973411955639105,-0.472403350512212,-1.975315065535009,0,first
2017,Sterling Shepard,NYG,WR,5.2,2.4,8.8,16.92,59,84,70.24,731,2,5.5,4.2,1.3,-0.010512179000961097,-0.6447646591809435,0.811164941923581,0,first
2017,George Kittle,SF,TE,5.1,3.0,7.1,9.13,43,63,68.25,515,2,6.6,5.9,0.8,-1.8226682884971084,-2.0504767187761255,0.9382944964892338,0,first
2018,Demaryius Thomas,HOU,WR,5.9,3.0,10.4,21.05,59,89,66.29,677,5,4.9,5.3,-0.4,0.14761693408190651,-0.8150990088510836,-0.3919155399807512,0,first
2017,Mohamed Sanu,ATL,WR,5.1,2.7,7.6,15.79,67,96,69.79,703,5,4.1,4.2,-0.1,0.4555922748011153,-0.47362096812591364,-0.9971056444550424,0,first
2018,Jarius Wright,CAR,WR,6.0,3.2,5.7,8.17,43,59,72.88,447,1,5.0,4.9,0.1,-2.3670381325902925,-1.6339385060665734,-0.940522303454555,0,first
2018,Ian Thomas,CAR,TE,6.0,3.4,6.3,7.46,36,49,73.47,333,2,4.4,5.0,-0.5,-2.7741019922062775,-1.3720208626982087,-1.5129566699380943,0,first
2018,Gerald Everett,LAR,TE,6.0,3.9,6.6,6.56,32,49,65.31,313,3,4.5,5.0,-0.5,-3.0188745800591517,-1.4318573710700326,-1.3284950990713755,0,first
2017,Jared Cook,OAK,TE,5.0,2.8,9.0,17.1,54,86,62.79,688,2,4.5,4.4,0.1,-0.3018302319953697,-0.0377437729238312,-0.14813515246878448,0,first
2018,Ryan Switzer,PIT,WR,5.8,3.5,3.2,2.67,36,44,81.82,253,1,4.1,5.1,-1.1,-3.4726635860963384,-2.0308750933375643,-2.747757884120123,0,first
2019,Kenny Stills,HOU,WR,6.2,2.7,10.7,13.09,40,55,72.73,561,4,3.7,4.9,-1.2,-1.2478334944370009,0.13973608744365462,-1.416335111175928,0,first
2019,Albert Wilson,MIA,WR,6.9,3.5,5.2,6.02,43,62,69.35,351,1,4.3,4.5,-0.2,-2.8687616057706427,-1.4800882011416687,-1.7570384832962083,0,first
2016,Clive Walford,OAK,TE,5.0,3.6,9.1,9.55,33,52,63.46,359,3,4.0,5.3,-1.3,-2.3389614844766533,-0.37547885083325566,-1.3111827755541676,0,first
2019,Noah Fant,DEN,TE,5.5,2.7,7.8,15.18,40,66,60.61,562,3,8.5,6.2,2.3,-1.3212428279062303,-2.383488481830599,3.280983475036813,0,first
2016,Willie Snead,NO,WR,6.2,3.1,7.4,15.13,72,104,69.23,895,4,5.5,5.9,-0.4,0.21631313457751644,-2.255452246045708,-0.8406658692181593,0,first
2016,Kendall Wright,TEN,WR,6.1,2.9,10.7,9.41,29,43,67.44,416,3,4.3,4.3,0.0,-2.1852221589311775,0.19932099732080466,-0.2819589898102818,0,first
2019,Adam Humphries,TEN,WR,5.5,2.9,7.2,8.93,37,47,78.72,374,2,3.5,4.6,-1.2,-2.2418278973956505,-0.35263044719010206,-2.158513333934855,0,first
2019,Willie Snead,BAL,WR,5.5,3.0,8.5,10.71,31,46,67.39,339,5,4.7,2.7,2.1,-1.7505529650648988,-0.03818913579281873,0.8401889105135708,0,first
2016,Eddie Royal,CHI,WR,6.0,3.4,6.3,5.11,33,43,76.74,369,2,5.8,4.8,1.0,-2.9470276033252887,-2.2297401729200406,-0.10937580573997634,0,first
2019,Will Fuller,HOU,WR,5.5,3.0,14.0,22.2,49,71,69.01,670,3,4.8,5.3,-0.4,-0.25599035544194937,-0.17365159483329554,0.06941507406163756,0,first
2016,Will Tye,NYG,TE,6.0,3.1,6.3,9.02,48,70,68.57,395,1,3.9,4.7,-0.8,-2.0755479700961366,-0.6631281470285354,-1.8019462839718585,0,first
2019,Jimmy Graham,GB,TE,5.6,3.9,9.2,11.56,38,60,63.33,447,3,6.8,6.2,0.7,-2.2298202044446143,-2.5364327291627062,0.9853678110481214,0,first
2019,Dallas Goedert,PHI,TE,5.6,3.0,5.8,10.47,58,86,67.44,607,5,6.2,6.2,0.1,-0.7940922754191311,-2.4095648824122873,0.008680054781847612,0,first
2016,Julius Thomas,JAX,TE,5.9,2.8,7.5,7.0,30,51,58.82,281,4,3.4,5.0,-1.6,-2.424070372097955,0.6557756435712552,-1.5619804815292015,0,first
2019,Kyle Rudolph,MIN,TE,5.6,3.4,7.1,10.02,39,48,81.25,367,6,5.2,5.0,0.2,-1.8708427242183767,-2.1014104511653,-0.8157181118064578,0,first
2016,Charles Clay,BUF,TE,5.9,3.0,8.4,15.51,57,87,65.52,552,4,3.3,4.2,-0.9,-0.4969372312442425,0.08386590281703901,-1.7885599119906679,0,first
2019,Jason Witten,DAL,TE,5.7,3.3,6.5,10.05,63,83,75.9,529,4,2.8,3.7,-0.9,-0.8252463429851694,-0.651873468835049,-2.8975703582626244,0,first
2019,Geronimo Allison,GB,WR,5.7,3.3,8.1,9.34,34,55,61.82,287,2,3.7,5.0,-1.3,-2.5651761317507855,0.012048867877092733,-1.5514764546028514,0,first
2019,Austin Hooper,ATL,TE,5.7,3.5,6.8,12.31,75,97,77.32,787,6,4.5,4.8,-0.3,0.19293486049708478,-2.3098366140975553,-1.8522034673441647,0,first
2019,Sterling Shepard,NYG,WR,5.7,3.1,9.9,17.27,57,83,68.67,576,3,3.3,4.7,-1.4,-0.5359592248353097,0.012744566743567961,-1.9848129919102055,0,first
2019,Anthony Miller,CHI,WR,5.7,3.1,10.3,20.19,52,85,61.18,656,2,4.4,5.2,-0.8,-0.5388696784596985,-0.2028629858188088,-0.6657478403957967,0,first
2019,Zach Pascal,IND,WR,5.7,2.8,11.5,21.12,41,72,56.94,607,5,5.9,4.9,1.0,-0.3616195881239423,-0.2114690017575544,1.7039386205209843,0,first
2019,Damiere Byrd,ARI,WR,5.7,3.2,9.7,11.84,32,46,69.57,359,1,4.9,5.5,-0.6,-2.5382132389430163,-0.7401075520325184,-0.5410220123173244,0,first
2019,Randall Cobb,DAL,WR,6.2,3.0,9.5,14.83,55,83,66.27,828,3,6.2,5.6,0.6,-0.4946842672224231,-1.7908574935721506,0.646691996960463,0,first
2016,Trey Burton,PHI,TE,5.8,3.2,7.8,9.6,37,60,61.67,327,1,3.5,4.0,-0.5,-2.385398113665476,0.32716140417623213,-1.3185721218826512,0,first
2019,Eric Ebron,IND,TE,5.8,3.2,9.4,12.38,31,52,59.62,375,3,5.4,4.6,0.8,-2.1311284789847957,-0.4708750857536185,0.7933626778312065,0,first
2019,Deebo Samuel,SF,WR,5.8,3.2,7.8,20.83,57,81,70.37,802,3,8.5,6.9,1.6,-0.44480265285162573,-3.7556132599964096,2.1316501814106186,0,first
2016,Tyler Boyd,CIN,WR,5.7,2.8,9.3,15.62,54,81,66.67,603,1,3.8,4.8,-1.0,-0.855019389426422,0.07287153473658448,-1.3577001414231302,0,first
2019,Jordan Akins,HOU,TE,5.8,3.4,7.2,8.81,36,55,65.45,418,2,7.1,4.7,2.3,-2.4199673749472197,-2.243019411865922,1.7985656148973055,0,first
2016,Eli Rogers,PIT,WR,5.7,3.0,9.7,11.42,48,66,72.73,594,3,4.5,6.4,-1.9,-1.3413798611815801,-1.0450735258853994,-1.6158574972992723,0,first
2016,Martellus Bennett,NE,TE,6.2,3.8,6.0,9.79,55,73,75.34,701,7,7.6,6.6,1.1,-1.1092570090266851,-4.483729953963752,0.6031350868198646,0,first
2019,John Ross,CIN,WR,5.8,2.9,14.9,17.56,28,56,50.0,506,3,7.4,4.9,2.6,-1.3544342466564727,-0.1639746003516023,4.024401016913282,0,first
2019,Josh Gordon,SEA,WR,5.4,2.4,11.4,12.09,27,47,57.45,426,1,6.0,6.3,-0.3,-2.165808512254573,0.12414131669253996,1.3757674230638628,0,first
2019,Jack Doyle,IND,TE,5.4,3.5,7.1,13.02,43,72,59.72,448,4,5.4,5.2,0.2,-1.5640265146380532,-1.3373853041657058,0.021547085267558524,0,first
2016,Richard Rodgers,GB,TE,7.6,2.7,8.4,6.88,30,47,63.83,271,2,3.3,3.3,0.1,-2.8114412440448926,0.7934848557578885,-1.1456796287732034,0,first
2016,Travis Benjamin,LAC,WR,7.6,3.0,13.3,19.54,47,75,62.67,677,4,5.7,5.0,0.7,-0.6589413787899756,-0.7390710379354142,0.8620693591811187,0,first
2016,Cordarrelle Patterson,MIN,WR,7.5,3.2,5.6,9.53,52,70,74.29,453,2,6.3,5.6,0.7,-2.192092336659625,-2.9113405294983075,-0.3539868985065767,0,first
2016,Albert Wilson,KC,WR,7.2,3.5,7.7,10.08,31,51,60.78,279,2,5.2,5.2,0.0,-3.0751333081798404,-1.2027429845859448,-0.39638577600645064,0,first
2016,Taylor Gabriel,ATL,WR,7.1,3.2,11.2,11.64,35,50,70.0,579,6,7.9,6.4,1.5,-1.7196328551054019,-2.8582792910341714,2.1034036119264425,0,first
2019,JuJu Smith-Schuster,PIT,WR,4.9,2.4,9.6,17.74,42,70,60.0,552,3,6.0,5.0,1.0,-0.659760300113229,-0.15116106655415773,1.705530929644486,0,first
2016,Tavon Austin,LAR,WR,7.0,3.2,7.5,18.75,58,106,54.72,509,3,4.6,4.7,-0.2,-0.688814446403161,-0.6228724468762349,-0.7627768423365867,0,first
2016,Tyler Lockett,SEA,WR,6.8,3.4,10.8,13.76,41,66,62.12,597,1,5.3,5.6,-0.2,-1.9071999183330628,-1.0924232889394783,-0.10687905863640772,0,first
2019,O.J. Howard,TB,TE,5.0,2.5,9.4,7.84,34,53,64.15,459,1,5.0,4.7,0.3,-1.969659788625619,0.20530502851238425,0.5241982018417123,0,first
2016,Jamison Crowder,WAS,WR,6.7,3.6,8.7,15.01,67,99,67.68,847,7,5.6,5.7,-0.1,0.1497910479550231,-2.565686656414818,-0.6719695481131011,0,first
2016,Cole Beasley,DAL,WR,6.7,3.4,6.8,15.97,75,98,76.53,833,5,5.0,5.2,-0.2,0.12290156627495338,-2.6288916298907252,-1.599174128351654,0,first
2019,Darren Fells,HOU,TE,5.1,2.9,5.5,5.84,34,48,70.83,341,7,5.3,4.9,0.5,-1.8777697801855915,-1.3376174230712505,-0.012835500885092261,0,first
2019,Gerald Everett,LAR,TE,5.1,3.0,8.4,10.6,37,60,61.67,408,2,5.0,5.1,0.0,-1.9464000955145528,-0.4040058236689334,0.11661329957385708,0,first
2016,Allen Hurns,JAX,WR,6.5,2.5,10.8,14.98,35,76,46.05,477,3,6.0,6.2,-0.2,-1.4302367124216055,0.1552223098706945,1.4406506354722066,0,first
2019,George Kittle,SF,TE,5.2,3.3,5.7,20.19,85,107,79.44,1053,5,7.5,6.7,0.8,1.108372952646684,-4.412524748542716,0.34392787284474696,0,first
2016,Quincy Enunwa,NYJ,WR,6.5,2.4,9.7,19.33,58,105,55.24,857,4,6.2,5.8,0.4,0.4110036852590275,-0.8258620454616935,1.1996383814358436,0,first
2019,Mohamed Sanu,NE,WR,5.2,3.1,7.6,15.2,59,89,66.29,520,2,3.3,4.0,-0.7,-0.6850179248144896,0.029960662617674078,-1.781197492326664,0,first
2016,Adam Humphries,TB,WR,6.5,3.4,5.7,7.79,55,83,66.27,622,2,7.2,6.4,0.7,-1.784321853130315,-3.3448429889217772,0.4655426640182778,0,first
2019,Vance McDonald,PIT,TE,5.2,3.8,4.6,6.75,38,55,69.09,273,3,4.7,4.2,0.5,-2.6727106609145945,-1.6628686322662525,-0.9625814009275543,0,first
2019,Greg Olsen,CAR,TE,5.2,2.8,8.8,14.42,52,82,63.41,597,2,4.4,4.8,-0.4,-0.7535310383477385,-0.10676928037539603,-0.5421362018640452,0,first
2019,Irv Smith,MIN,TE,5.2,3.0,5.8,7.81,35,46,76.09,290,2,4.0,5.1,-1.1,-2.5898878325080728,-0.7986655649120704,-1.8448950669637942,0,first
2019,DaeSean Hamilton,DEN,WR,5.3,3.3,8.6,13.06,28,52,53.85,297,1,4.6,5.1,-0.5,-2.602705401768872,0.1484341544868628,-0.10952531056270275,0,first
2016,Quinton Patton,SF,WR,6.4,3.2,9.9,14.68,37,63,58.73,408,0,5.4,5.6,-0.2,-2.3024484270432146,-0.6494349665691396,0.16930794085950351,0,first
2019,Sammy Watkins,KC,WR,5.3,2.9,9.6,18.51,52,90,57.78,673,3,5.9,5.6,0.3,-0.3203776714526621,-0.843138542971193,0.9276159084763297,0,first
2016,Zach Ertz,PHI,TE,6.3,3.2,8.4,18.38,78,106,73.58,816,4,3.4,4.0,-0.6,0.6073813672483375,-0.9182546522877153,-2.2794272458242975,0,first
2016,Vernon Davis,WAS,TE,6.3,3.2,9.7,10.05,44,59,74.58,581,2,5.2,5.9,-0.6,-1.875846461004159,-1.6477344733336508,-0.8116435908014368,0,first
2016,Robert Woods,BUF,WR,6.2,3.5,11.2,18.05,51,76,67.11,613,1,2.7,3.6,-0.9,-1.0146207373542167,0.461849037362825,-2.096385322940599,0,first
2016,Corey Brown,CAR,WR,6.2,3.2,10.1,8.8,27,53,50.94,271,1,4.3,5.1,-0.9,-2.9269072562670977,0.5883889395536662,-0.39197878976412337,0,first
2016,Mohamed Sanu,ATL,WR,5.7,2.9,8.6,14.5,59,81,72.84,653,4,4.9,5.7,-0.8,-0.48153466351344176,-1.3421107410573285,-1.0207314913830785,0,first
2016,Eric Ebron,DET,TE,5.8,2.6,8.4,15.17,61,85,71.76,711,1,4.2,4.7,-0.5,-0.47269785678577175,-0.45037098951646154,-1.1803096721651913,0,first
2016,Randall Cobb,GB,WR,5.4,3.4,7.5,10.94,60,84,71.43,610,4,5.8,5.2,0.6,-0.8164078055439641,-2.279135701636816,-0.13795316051035153,0,first
2019,Larry Fitzgerald,ARI,WR,6.2,3.0,7.5,21.62,75,109,68.81,804,4,5.1,5.1,0.0,0.6537681113266731,-1.6677439591435235,-0.7645586113774461,0,first
2019,Nelson Agholor,PHI,WR,5.9,3.4,10.8,15.63,39,69,56.52,363,3,3.9,4.6,-0.7,-1.639715821536063,0.3909176909176156,-0.7314037582308707,0,first
2016,Chris Hogan,NE,WR,5.2,3.2,13.7,17.78,38,58,65.52,680,4,6.7,5.9,0.8,-0.8395256540476271,-1.2566778587736869,1.88372634842218,0,first
2016,Malcolm Mitchell,NE,WR,5.2,2.6,11.1,11.97,32,48,66.67,401,4,5.1,4.0,1.1,-1.4733159296261016,0.3031875406095504,1.097337661127469,0,first
2016,Jermaine Gresham,ARI,TE,5.5,3.0,8.2,7.52,37,61,60.66,391,2,3.8,3.5,0.3,-2.031593534644241,0.5077411904390973,-0.5300283048885643,0,first
2016,Jack Doyle,IND,TE,5.3,3.3,6.8,9.78,59,75,78.67,584,5,4.1,4.8,-0.6,-0.8226942408456307,-1.621952584735791,-1.9191514788063424,0,first
2019,Kendrick Bourne,SF,WR,5.9,2.9,8.7,12.54,30,44,68.18,358,5,4.1,3.0,1.1,-1.73661846391983,0.30564319507238863,-0.006975410732040267,0,first
2016,Zach Miller,CHI,TE,5.3,2.9,6.8,8.24,47,64,73.44,486,4,4.7,4.4,0.2,-1.3853277922469687,-0.9938206468998627,-0.7172829014113898,0,first
2019,Diontae Johnson,PIT,WR,6.1,3.6,9.0,21.87,59,92,64.13,680,5,5.1,5.2,-0.1,-0.12080518585633586,-1.5757206107881987,-0.5241661892459714,0,first
2019,Evan Engram,NYG,TE,5.9,3.1,6.0,8.54,44,68,64.71,467,3,6.0,5.3,0.6,-1.904705177489246,-1.7810450055032596,0.25988132693602933,0,first
2016,Lance Kendricks,LAR,TE,5.5,2.6,5.4,10.98,50,87,57.47,499,2,5.2,5.1,0.1,-1.2350440355478547,-0.6010188868277007,0.014277549097395589,0,first
2016,Jason Witten,DAL,TE,5.6,3.0,6.9,15.69,69,95,72.63,673,3,3.4,3.7,-0.3,-0.03137637371664833,-0.5347068181131664,-1.9606217281984122,0,first
2019,T.Y. Hilton,IND,WR,6.1,3.0,10.2,17.61,45,68,66.18,501,5,4.8,5.0,-0.2,-0.8705024849742519,-0.5155921286155077,-0.25479226941856314,0,first
2016,Gary Barnidge,CLE,TE,5.2,2.7,7.7,12.26,55,82,67.07,612,2,3.7,4.4,-0.7,-0.7337819850195477,0.062467723554845894,-1.3501495125515306,0,first
2016,Dwayne Allen,IND,TE,5.2,3.0,9.4,9.35,35,52,67.31,406,6,3.4,4.3,-0.9,-1.487160493056981,0.4136650160029782,-1.293791220532505,0,first
2016,Jordan Reed,WAS,TE,5.6,3.3,8.2,12.8,66,89,74.16,686,6,3.8,4.0,-0.2,0.02222238526845469,-1.072364076896761,-1.6966285202904363,0,first
2019,Demaryius Thomas,NYJ,WR,5.8,2.5,9.9,14.32,36,58,62.07,433,1,5.1,4.2,0.9,-1.6688647825244232,0.35726307932413803,0.9030166562620737,0,first
2019,Nick Boyle,BAL,TE,6.2,3.6,5.9,6.9,31,43,72.09,321,2,5.2,5.1,0.1,-3.16197723250497,-1.9416696721131654,-0.849371895123749,0,first
2019,Dede Westbrook,JAX,WR,6.2,3.2,7.0,16.6,66,101,65.35,660,3,4.9,6.1,-1.2,-0.45696054770035965,-1.7007333258795463,-1.4591927734462926,0,first
2019,Christian Kirk,ARI,WR,6.0,3.5,9.5,27.13,68,108,62.96,709,3,4.4,4.4,0.0,0.47633794259193063,-0.838944603393904,-0.8026641061433928,0,first
2016,Dennis Pitta,BAL,TE,5.7,2.9,6.4,14.81,86,121,71.07,729,2,3.5,4.1,-0.6,0.5203943659573361,-0.8323137870456061,-2.2873657256903863,0,first
2016,Ryan Griffin,HOU,TE,5.1,3.0,7.2,9.71,50,74,67.57,442,2,3.0,4.0,-1.0,-1.4100162071666402,0.2851951934777988,-2.06054757390969,0,first
2019,Tyler Higbee,LAR,TE,6.0,3.7,6.5,12.12,69,89,77.53,734,3,6.1,6.0,0.1,-0.8133700257703618,-3.5141372517526657,-0.9113305752384617,0,first
2016,Tyler Eifert,CIN,TE,5.4,2.6,9.2,8.99,29,47,61.7,394,5,5.1,5.8,-0.7,-1.9085892464299947,-0.11046104458019149,0.16912529649690142,0,first
2016,Vance McDonald,SF,TE,5.6,2.5,10.5,11.14,24,45,53.33,391,4,8.7,6.5,2.3,-2.1088187823070395,-1.4815924417786375,4.238843733940365,0,first
2019,Cole Beasley,BUF,WR,6.1,3.2,7.6,17.92,67,106,63.21,778,6,5.3,5.2,0.1,0.4157860495802507,-1.687654067011732,-0.3858660035711424,0,first
2019,Russell Gage,ATL,WR,5.8,3.2,7.1,9.73,49,74,66.22,446,1,3.5,4.2,-0.7,-1.8074075231194549,-0.23439267298401426,-1.8214218102888966,0,first
2016,Andrew Hawkins,CLE,WR,5.1,3.0,8.6,9.04,33,54,61.11,324,3,3.9,3.6,0.3,-2.012114999270085,0.6120471574643437,-0.28351333451971467,0,first
2016,Jesse James,PIT,TE,5.3,3.5,7.1,7.57,39,60,65.0,338,3,3.4,4.0,-0.6,-2.209169175216074,-0.17775257308804712,-1.6956818306152424,0,first
2019,Jonnu Smith,TEN,TE,5.9,3.7,4.8,5.62,35,44,79.55,439,3,8.4,5.5,2.9,-2.8738618005885774,-4.447644614912336,1.8980567667684098,0,first
2019,T.J. Hockenson,DET,TE,5.8,2.3,8.0,8.85,32,59,54.24,367,2,6.4,6.1,0.3,-2.2068189704262124,-0.42626489810985796,1.5115763225153749,0,first
2019,Ted Ginn,NO,WR,7.0,2.8,16.1,24.79,30,56,53.57,421,2,1.5,2.5,-1.0,-1.086564805414179,3.5690362573664576,-1.2295247963696059,1,second
2019,Phillip Dorsett,NE,WR,5.3,2.9,13.9,16.96,29,54,53.7,397,5,3.2,3.8,-0.6,-1.1082001065090072,2.1146286610763894,-0.08595092173625027,1,second
2019,Mike Williams,LAC,WR,5.2,2.0,17.4,31.76,49,90,54.44,1001,2,4.8,4.9,-0.1,1.4696546783971676,1.9875084376310832,1.7338977521676842,1,second
2018,Tajae Sharpe,TEN,WR,6.2,3.0,11.3,16.54,26,47,55.32,316,2,3.4,3.4,0.0,-2.107984887729441,1.5998004231746303,-0.23584289266419364,1,second
2018,Kenny Stills,MIA,WR,6.2,2.4,16.4,29.41,37,64,57.81,553,6,3.7,2.9,0.7,0.4312704100897168,2.459560610321691,1.0662817936517417,1,second
2018,Rob Gronkowski,NE,TE,6.1,2.6,12.0,19.97,47,72,65.28,682,3,4.6,4.6,0.1,-0.35940249630814136,0.26008041004279936,0.20455143653463376,1,second
2018,Michael Crabtree,BAL,WR,5.3,2.8,10.8,23.3,54,100,54.0,607,3,2.7,3.9,-1.2,0.26296698802667057,1.7021038379487419,-1.2879180310093628,1,second
2019,Brandin Cooks,LAR,WR,6.2,3.1,13.8,20.97,42,72,58.33,583,2,4.1,5.1,-1.0,-0.9123462188689755,0.672345812531225,-0.398043441836298,1,second
2019,James Washington,PIT,WR,6.2,2.5,15.6,33.03,44,80,55.0,735,3,4.8,4.7,0.1,0.5594496576632065,1.3465582155234104,1.2797361098858537,1,second
2019,Trey Quinn,WAS,WR,6.6,2.6,7.1,9.41,26,47,55.32,198,1,2.5,3.2,-0.7,-2.8647174912969686,1.891314287077393,-1.5303083502452572,1,second
2019,Demarcus Robinson,KC,WR,5.4,3.1,13.4,15.66,32,55,58.18,449,4,3.4,3.9,-0.5,-1.2761797002790496,1.453181575018739,-0.32567243686972364,1,second
2019,Marvin Jones,DET,WR,6.5,2.1,13.2,22.55,62,91,68.13,779,9,2.2,2.9,-0.7,1.6608447855572008,1.9817034491738994,-1.4631501706101038,1,second
2019,Jarius Wright,CAR,WR,6.5,3.0,10.6,12.33,28,58,48.28,296,0,3.4,4.2,-0.8,-2.6233491090593946,1.598990416277024,-0.6262217923525413,1,second
2019,Chris Conley,JAX,WR,5.0,2.3,14.3,30.35,47,90,52.22,775,5,5.4,3.8,1.6,1.2932050518221752,1.3672478748376706,2.5843626164344964,1,second
2019,Tyrell Williams,OAK,WR,5.0,2.6,13.5,27.31,42,64,65.63,651,6,5.0,4.3,0.7,0.46292250927752493,0.5777865273732983,1.2653072458521972,1,second
2019,Adam Thielen,MIN,WR,6.4,3.0,12.7,17.98,30,48,62.5,418,6,4.2,4.5,-0.3,-1.3111600463463793,0.5851948602600219,-0.06364090210894878,1,second
2019,Darius Slayton,NYG,WR,4.8,2.2,14.5,25.54,48,84,57.14,740,8,4.0,3.9,0.0,1.441805336880643,1.9315482215488267,0.892302107919739,1,second
2019,Alshon Jeffery,PHI,WR,4.8,2.5,11.2,17.16,43,73,58.9,490,4,3.1,4.1,-1.0,-0.4347280081037249,1.7566621380188903,-0.7468338566805692,1,second
2019,Kelvin Harmon,WAS,WR,6.4,2.4,11.4,14.09,30,44,68.18,365,0,3.4,4.2,-0.7,-2.203348399865191,1.3143439818174625,-0.8828495439918818,1,second
2019,Preston Williams,MIA,WR,4.5,2.1,14.3,16.17,32,60,53.33,428,3,2.4,2.8,-0.3,-0.6116289677429564,3.640508448040634,0.14258410345553316,1,second
2018,Robert Foster,BUF,WR,6.3,2.7,20.6,17.78,26,43,60.47,526,3,6.5,5.9,0.6,-1.3346692625149152,0.547989237949442,2.7817976843095473,1,second
2018,Zay Jones,BUF,WR,6.2,2.8,12.7,25.93,56,102,54.9,652,7,2.6,2.7,-0.1,1.115831442136375,1.9428812558350361,-0.7372871771094558,1,second
2019,Bisi Johnson,MIN,WR,6.5,2.5,10.6,14.07,31,45,68.89,294,3,2.0,2.5,-0.5,-1.7928598051083604,2.128745954320176,-1.7489053022902443,1,second
2018,Marvin Jones,DET,WR,4.0,2.2,15.2,23.65,35,62,56.45,508,5,3.1,2.3,0.8,0.39094167298504334,3.3042779738732593,1.1714049392439407,1,second
2019,Corey Davis,TEN,WR,7.2,2.7,12.3,22.32,43,69,62.32,601,2,4.9,3.4,1.5,-0.7487126252471511,0.4176419880985646,0.9948176287390598,1,second
2018,Tre'Quan Smith,NO,WR,5.6,2.2,12.1,14.27,28,44,63.64,427,5,4.2,3.1,1.1,-1.098158157747894,1.6012323507349582,1.0304358938413314,1,second
2019,Marquez Valdes-Scantling,GB,WR,5.7,2.6,16.6,19.46,26,56,46.43,452,2,5.9,5.0,0.9,-1.3145604925265417,1.439086115192746,2.8309207872387474,1,second
2018,Allen Robinson,CHI,WR,5.5,2.0,11.9,25.02,55,94,58.51,754,4,4.5,3.9,0.6,1.0022556977488248,1.3076558409095889,0.9616844638552292,1,second
2018,DeVante Parker,MIA,WR,5.1,2.5,11.9,15.67,24,47,51.06,306,1,4.5,4.5,0.0,-2.0229852576037963,1.745931382011515,1.0556452102593863,1,second
2019,Zay Jones,OAK,WR,5.9,3.0,11.2,15.95,27,45,60.0,216,0,2.9,3.3,-0.5,-2.486764960859007,1.8087097225286906,-0.965528370747435,1,second
2018,Doug Baldwin,SEA,WR,5.2,2.8,12.1,22.92,50,73,68.49,618,5,3.6,3.8,-0.2,0.22029673950409295,0.7768286932005445,-0.5399511308567518,1,second
2018,Kelvin Benjamin,KC,WR,5.5,1.7,15.9,20.24,25,67,37.31,380,1,2.8,2.8,0.0,-0.8045818681625982,4.823848399230972,1.3584370639488714,1,second
2018,Josh Doctson,WAS,WR,5.6,2.4,14.3,26.8,44,78,56.41,532,2,3.3,3.6,-0.3,0.002270946787095205,2.3708554456091515,0.10643727655501246,1,second
2019,Golden Tate,NYG,WR,5.7,2.2,9.5,16.95,49,85,57.65,670,6,6.1,3.8,2.3,0.2735635450786873,-0.05996668634036951,2.3526426075514126,1,second
2018,Chad Williams,ARI,WR,5.4,1.9,13.2,15.34,17,46,36.96,171,1,0.9,1.4,-0.5,-1.8608388470372794,5.799565021518893,-0.23722471753773666,1,second
2019,Curtis Samuel,CAR,WR,5.8,2.6,14.5,30.58,54,105,51.43,627,6,2.9,3.4,-0.5,1.335632976660507,2.4014180547821296,-0.21579066920086784,1,second
2018,John Ross,CIN,WR,5.4,2.2,14.0,18.36,21,58,36.21,210,7,3.1,3.2,-0.1,-0.8786266345600802,3.9103474127279956,1.2099066490051267,1,second
2018,Ricky Seals-Jones,ARI,TE,5.3,2.7,9.8,17.13,34,69,49.28,343,1,3.0,3.5,-0.5,-1.5160983718040892,2.1908191721529042,-0.4745634176872002,1,second
2019,Mike Gesicki,MIA,TE,5.8,2.6,10.4,17.34,51,89,57.3,570,5,3.9,3.4,0.5,0.0035912817960373432,1.0004771235213339,0.07477792297910328,1,second
2018,DaeSean Hamilton,DEN,WR,5.3,3.1,8.4,8.8,30,46,65.22,243,2,2.4,3.3,-0.9,-2.4929032697718547,1.2510620847370515,-1.9542877126162863,1,second
2018,Michael Gallup,DAL,WR,5.3,2.7,14.0,23.78,33,68,48.53,507,2,5.5,5.5,0.0,-0.8522560739607149,1.0181859483991456,1.7782268735752185,1,second
2018,Benjamin Watson,NO,TE,5.2,2.6,9.9,12.16,35,46,76.09,400,2,3.0,4.0,-0.9,-1.7228024004197757,0.8425678548561122,-1.594470461971912,1,second
2018,Cameron Brate,TB,TE,5.6,2.9,8.7,6.46,30,49,61.22,289,6,2.1,2.4,-0.3,-1.8358862554056898,1.800381374997457,-1.5794651368769344,1,second
2018,Devin Funchess,CAR,WR,5.0,2.3,12.7,24.21,44,79,55.7,549,4,1.8,2.0,-0.2,0.4319792185880616,3.4129385861012387,-0.676458508405088,1,second
2018,Antonio Callaway,CLE,WR,5.0,2.6,13.7,20.51,43,79,54.43,586,5,5.8,5.5,0.3,-0.03141405165881614,0.38617711974251334,1.8110005453306628,1,second
2018,Donte Moncrief,JAX,WR,5.9,2.2,12.8,30.92,48,89,53.93,672,3,5.1,4.0,1.2,0.6830438640526351,1.2526693386375007,1.8552633410202513,1,second
2019,Cameron Brate,TB,TE,5.4,2.6,7.2,6.18,36,55,65.45,311,4,2.8,3.1,-0.4,-1.856505325996676,1.1843949739695203,-1.5048384734990945,1,second
2019,Calvin Ridley,ATL,WR,7.4,2.9,13.5,23.32,63,93,67.74,866,7,2.3,3.5,-1.2,1.0507297333433592,0.9800423875287486,-2.1903277015914937,1,second
2019,Auden Tate,CIN,WR,5.8,2.3,11.7,19.67,40,80,50.0,575,1,4.0,3.3,0.7,-0.5832107307644205,2.027537316810878,0.9087278549831025,1,second
2018,Marquise Goodwin,SF,WR,5.8,3.0,14.2,15.89,23,44,52.27,395,4,5.9,4.1,1.8,-1.7192853577006906,0.6268896679810143,2.6278574942940267,1,second
2018,A.J. Green,CIN,WR,4.4,2.0,12.7,22.16,46,77,59.74,694,6,4.3,4.1,0.2,0.8630666918876325,1.665762587177032,1.0281014081287376,1,second
2018,Antonio Gates,LAC,TE,4.4,2.5,8.8,9.81,28,45,62.22,333,2,4.5,3.5,1.1,-1.9494935717171833,0.9371332637247145,0.8956594138427652,1,second
2019,Taylor Gabriel,CHI,WR,6.0,3.1,11.5,12.73,29,48,60.42,353,4,2.9,4.0,-1.1,-1.9320134708937893,1.3204707870815613,-1.2979508861823228,1,second
2019,Hunter Henry,LAC,TE,5.5,2.6,10.2,15.78,55,76,72.37,652,5,3.3,4.0,-0.7,-0.01174571280426668,0.44377467747282706,-1.4141216693716927,1,second
2018,Courtland Sutton,DEN,WR,4.6,2.2,14.4,27.51,42,84,50.0,704,4,4.4,4.5,-0.1,0.773270747076943,2.1364583801577277,1.416984750828796,1,second
2019,Breshad Perriman,TB,WR,5.9,2.6,16.1,17.44,36,69,52.17,645,6,4.2,6.2,-2.0,-0.3705128960149201,1.4030598685191007,0.031245132907763602,1,second
2018,Zach Pascal,IND,WR,5.7,2.4,9.6,8.95,27,46,58.7,268,2,3.1,3.4,-0.3,-2.269400171817573,1.9377476233297493,-0.586454628838554,1,second
2018,Josh Gordon,NE,WR,4.7,2.1,14.0,22.9,41,71,57.75,737,4,7.1,4.8,2.3,0.3929680826398204,0.23733711313562905,3.8051496822042727,1,second
2018,John Brown,BAL,WR,5.7,2.3,16.3,34.13,42,97,43.3,717,5,4.1,3.5,0.6,1.3549102108072621,2.8184884058533126,1.8546208744040547,1,second
2018,David Moore,SEA,WR,4.7,2.0,16.4,22.47,26,53,49.06,445,5,3.7,3.4,0.3,-0.20169111716123087,3.48658551347559,1.7402348304286537,1,second
2018,Ryan Grant,IND,WR,5.7,2.6,9.5,10.05,35,52,67.31,334,1,2.7,3.4,-0.7,-2.065382685794937,1.4517056479692236,-1.5440607922153382,1,second
2018,Mike Williams,LAC,WR,4.9,2.1,15.2,24.85,43,66,65.15,664,10,3.0,2.6,0.3,1.4380099951652576,2.590656785692772,0.3929760200710439,1,second
2019,Tyler Eifert,CIN,TE,5.4,2.4,8.4,11.16,43,63,68.25,436,3,2.9,3.2,-0.3,-1.165879966063657,1.2344339895616045,-1.300107910566551,1,second
2018,Jermaine Kearse,NYJ,WR,6.4,2.7,9.3,15.34,37,76,48.68,371,1,3.7,3.9,-0.2,-1.6862963870021208,1.4443593288485606,-0.24313326855394796,1,second
2019,Robby Anderson,NYJ,WR,4.3,2.2,15.3,36.73,52,96,54.17,779,5,3.8,4.0,-0.2,2.0060431593433936,2.449731463768586,1.0178616971436933,1,second
2016,Devin Funchess,CAR,WR,6.2,2.0,14.9,14.24,23,58,39.66,371,4,4.4,3.7,0.7,-1.2696408459646773,3.045966460887654,2.144541179286309,1,second
2016,Dontrelle Inman,LAC,WR,6.2,2.8,11.4,21.63,58,97,59.79,810,4,3.7,4.5,-0.8,0.4714177152407917,0.5291817560420315,-0.8783622537324635,1,second
2017,Bennie Fowler,DEN,WR,6.0,2.5,10.5,12.62,29,56,51.79,350,3,4.0,4.2,-0.2,-1.819187891098061,1.5376324578665768,0.24192081876535332,1,second
2017,Eric Decker,TEN,WR,6.0,2.6,9.7,18.77,54,83,65.06,563,1,2.6,3.1,-0.5,-0.5138742853996687,1.3821577238698488,-1.6105045105826552,1,second
2017,Paul Richardson,SEA,WR,5.9,2.4,15.1,22.25,44,80,55.0,703,6,3.3,3.1,0.2,0.6354694171971738,2.3427572561967733,0.44173226099033147,1,second
2016,Terrance Williams,DAL,WR,6.2,2.7,12.3,17.93,44,61,72.13,594,4,3.5,3.9,-0.3,-0.614792225079247,0.6454775760433644,-0.8658019963503394,1,second
2017,Chris Hogan,NE,WR,5.9,2.7,13.2,14.81,34,59,57.63,439,5,5.3,5.1,0.3,-1.1707613874554943,0.4053528373017731,1.2261365751428335,1,second
2017,Jimmy Graham,SEA,TE,5.8,2.5,8.0,14.1,57,96,59.38,520,10,4.0,3.9,0.0,0.5348093857752773,0.3369007957687958,-0.48217746366531433,1,second
2016,Brandon Marshall,NYJ,WR,4.4,2.2,13.6,33.23,59,128,46.09,788,3,3.0,4.7,-1.8,1.9584588021585052,2.762584813734131,-0.3760067128674162,1,second
2017,T.J. Jones,DET,WR,5.8,2.8,11.0,11.84,30,49,61.22,399,1,2.8,3.2,-0.4,-2.050334515041191,1.767383692924813,-0.9718914335841604,1,second
2017,Deonte Thompson,BUF,WR,5.8,2.5,15.1,25.8,38,69,55.07,557,2,3.0,3.8,-0.9,-0.3215691725348277,2.62027867947481,-0.24899885915127964,1,second
2017,Roger Lewis,NYG,WR,5.8,2.1,10.4,17.16,36,72,50.0,416,2,2.4,3.2,-0.8,-0.9703974319576759,3.0192109538106964,-0.7382946731949536,1,second
2016,Nelson Agholor,PHI,WR,6.2,2.3,11.4,16.26,36,69,52.17,365,2,3.0,3.3,-0.3,-1.2478156106143294,2.4711335343539096,-0.3083232344590999,1,second
2017,Jeremy Maclin,BAL,WR,5.7,2.3,9.6,18.6,40,72,55.56,440,3,3.1,2.8,0.3,-0.6920685052339174,2.1170516198419578,-0.1859248960025634,1,second
2016,Robby Anderson,NYJ,WR,5.8,2.7,17.0,25.33,42,78,53.85,587,2,2.6,3.2,-0.7,-0.024859739654389836,2.9816224843024397,-0.29374345072501334,1,second
2017,Kenny Britt,NE,WR,5.7,2.3,12.1,9.73,20,43,46.51,256,2,4.2,3.6,0.6,-2.332618135454383,2.396205057348592,1.353838283537807,1,second
2017,John Brown,ARI,WR,5.7,2.4,15.7,14.93,21,55,38.18,299,3,3.0,3.7,-0.7,-1.595751046694987,3.7760822071556244,0.7288322852094563,1,second
2016,Michael Floyd,NE,WR,5.8,2.4,15.6,17.82,37,76,48.68,488,5,1.7,3.2,-1.5,-0.22162545445023799,3.7257642827293282,-0.9839081928237585,1,second
2017,Will Fuller,HOU,WR,5.7,2.7,15.6,14.48,28,50,56.0,423,7,3.9,4.8,-0.8,-1.0009126022320283,1.6791581796709403,0.36360490756198494,1,second
2016,Torrey Smith,SF,WR,6.3,2.3,13.8,15.94,20,49,40.82,267,3,2.8,3.8,-1.0,-1.8673381592422091,3.5547948728170486,0.1377314768082588,1,second
2016,Seth Roberts,OAK,WR,4.7,2.5,9.3,14.5,38,77,49.35,397,5,5.3,4.6,0.7,-0.7765248185171828,0.7165781066227492,1.5253491591195514,1,second
2017,Martavis Bryant,PIT,WR,6.6,3.1,14.0,22.06,50,84,59.52,603,3,4.0,4.5,-0.5,-0.36903373070797274,0.6182551983744348,-0.39644130172068187,1,second
2016,Jeremy Maclin,KC,WR,6.1,2.4,11.5,22.3,44,76,57.89,536,2,3.1,4.1,-1.0,-0.5210238884050082,1.81966539859437,-0.8519289871663053,1,second
2016,Tajae Sharpe,TEN,WR,6.4,2.1,13.8,23.42,41,83,49.4,522,2,2.1,2.5,-0.4,-0.12863131931867652,3.644293028936897,-0.43529898964518265,1,second
2017,Jordy Nelson,GB,WR,6.0,2.7,10.8,24.07,53,88,60.23,482,6,2.5,3.1,-0.7,0.3392532555951538,1.7210571928697156,-1.4074163638930413,1,second
2016,Dorial Green-Beckham,PHI,WR,6.1,2.6,10.7,16.33,36,74,48.65,392,2,4.0,4.5,-0.5,-1.4143143028356246,1.479863483865002,0.0770395995762992,1,second
2017,Rishard Matthews,TEN,WR,6.8,2.6,11.7,23.68,53,87,60.92,795,4,5.2,3.9,1.3,0.35902823703636605,0.02607851035998036,1.0806353865487535,1,second
2017,Jaron Brown,ARI,WR,6.6,2.4,15.3,18.32,31,69,44.93,477,4,3.3,3.0,0.3,-0.7282134161556151,3.0323868922231227,0.8415120249609581,1,second
2016,Victor Cruz,NYG,WR,5.9,2.3,12.1,17.73,39,72,54.17,586,1,5.0,4.4,0.7,-0.8918708449277486,1.085562652135455,1.3659973508325873,1,second
2017,Ricardo Louis,CLE,WR,6.5,2.4,13.8,15.66,27,61,44.26,357,0,3.6,4.5,-0.9,-1.9855580619149393,2.6181587564168525,0.270734945215074,1,second
2016,Will Fuller,HOU,WR,6.0,2.5,16.3,27.55,47,92,51.09,630,2,4.4,3.8,0.6,0.3802696097478565,1.9843895331677206,1.4068587426438988,1,second
2017,Chris Godwin,TB,WR,6.5,2.2,12.3,11.22,34,55,61.82,525,1,5.5,3.4,2.1,-1.57082657706778,0.7342268435658124,1.998013129735495,1,second
2017,Aldrick Robinson,SF,WR,6.9,2.7,12.2,12.0,19,48,39.58,260,2,2.2,2.4,-0.2,-2.456028301041635,3.526119421360798,-0.2834942572129385,1,second
2016,John Brown,ARI,WR,6.0,3.0,14.8,16.26,39,73,53.42,517,2,2.5,3.0,-0.4,-0.9487607709712936,2.408694743910149,-0.6355288438195594,1,second
2017,DeSean Jackson,TB,WR,7.2,2.7,15.8,23.48,50,90,55.56,668,3,4.0,4.5,-0.5,0.007590164819515171,1.2960790229477666,0.03232430046340059,1,second
2017,Dontrelle Inman,CHI,WR,6.3,2.0,13.1,12.12,25,44,56.82,344,1,1.9,2.7,-0.9,-1.9133968132143482,3.630906246375658,-0.9921970655235013,1,second
2017,J.J. Nelson,ARI,WR,6.3,2.3,18.1,19.18,29,61,47.54,508,2,2.4,2.9,-0.6,-0.8046010791329843,4.027004419483324,0.2059513380805638,1,second
2017,Cole Beasley,DAL,WR,6.3,2.4,7.7,11.71,36,63,57.14,314,4,3.4,3.4,0.1,-1.5944176777819643,1.3191710127505478,-0.534928975740494,1,second
2017,Josh Bellamy,CHI,WR,6.2,2.8,13.0,17.22,24,46,52.17,376,1,5.0,3.8,1.1,-2.063700256412263,1.2622670912252754,1.610631726307665,1,second
2017,Torrey Smith,PHI,WR,7.4,2.3,12.7,16.33,36,68,52.94,430,2,3.8,4.0,-0.2,-1.3997577636953915,1.8221817145745312,0.08291617887147441,1,second
2017,Dede Westbrook,JAX,WR,6.2,3.0,11.1,14.08,27,51,52.94,339,1,4.4,4.5,-0.1,-2.388553836730805,0.8912680359145818,0.2825886321489644,1,second
2017,Mike Wallace,BAL,WR,6.2,2.6,13.0,32.26,52,92,56.52,748,4,3.6,3.8,-0.2,0.933157269986832,1.5166719753875362,-0.04121061893230795,1,second
2017,Tyler Higbee,LAR,TE,6.2,2.6,10.0,10.96,25,45,55.56,295,1,3.6,3.0,0.6,-2.4489149508110466,1.7429738462579416,0.1497000917992441,1,second
2017,Kenny Stills,MIA,WR,6.2,2.7,14.6,32.38,58,105,55.24,847,6,3.2,3.6,-0.4,1.7122617100885162,1.7523730790533294,-0.2579550107512606,1,second
2016,Antonio Gates,LAC,TE,6.0,2.8,8.8,15.99,53,93,56.99,548,7,3.6,4.0,-0.4,0.004377752907669998,0.5494998479344896,-0.8558626897525575,1,second
2016,Marvin Jones,DET,WR,3.8,2.0,14.7,31.96,55,103,53.4,930,4,4.3,3.8,0.5,2.1918222256916002,2.277643689067453,1.6873503365698275,1,second
2017,Marquise Goodwin,SF,WR,6.1,2.2,15.1,32.44,56,105,53.33,962,2,3.9,3.8,0.1,1.533972830184814,2.039054972560291,0.7447502390947106,1,second
2017,Corey Davis,TEN,WR,6.1,2.7,11.4,17.28,34,65,52.31,375,0,3.2,3.9,-0.7,-1.7582276184358265,1.967038929041751,-0.5543679329184098,1,second
2016,Breshad Perriman,BAL,WR,5.7,2.4,14.9,18.67,33,66,50.0,499,3,5.2,4.6,0.6,-0.8138775172843262,1.539413108665406,1.9708781490904344,1,second
2017,Donte Moncrief,IND,WR,5.6,2.2,14.1,17.79,26,47,55.32,391,2,3.2,3.0,0.2,-1.3042028010414433,2.9706049201240052,0.5706959379875391,1,second
2017,Stephen Anderson,HOU,TE,5.0,2.3,9.8,9.48,25,52,48.08,342,1,4.3,4.5,-0.2,-2.192764581728361,1.8062134198670532,0.7505385757063734,1,second
2016,Sammie Coates,PIT,WR,6.8,2.5,22.0,19.28,21,49,42.86,435,2,5.7,6.3,-0.5,-1.5978705363626138,2.1413667549319935,2.6723681009828306,1,second
2017,Kamar Aiken,IND,WR,5.0,2.1,10.1,11.92,15,44,34.09,133,0,3.2,3.9,-0.6,-2.7210100120650895,3.6766327382387542,0.7525299760669908,1,second
2016,Ted Ginn,CAR,WR,6.8,3.0,13.4,20.93,54,95,56.84,752,4,3.4,4.1,-0.7,0.1748787348984133,0.9530310387523276,-0.8467537679677606,1,second
2017,Josh Doctson,WAS,WR,5.0,2.2,14.2,26.31,35,78,44.87,502,6,4.0,3.6,0.4,0.4474801858733041,2.807502306245994,1.6267490835633975,1,second
2017,David Njoku,CLE,TE,5.0,2.6,9.7,10.88,32,60,53.33,386,4,5.3,4.8,0.5,-1.5468304459083755,0.4882913731893117,1.2656869992042261,1,second
2016,Chris Conley,KC,WR,7.1,2.9,10.6,18.68,44,69,63.77,530,0,3.0,4.0,-1.0,-1.4875360297663172,0.8973965216902022,-1.7123355971554068,1,second
2017,Michael Crabtree,OAK,WR,5.0,2.2,10.7,23.9,58,101,57.43,618,8,3.5,3.4,0.1,1.4423769752535,1.6347939978671084,0.041458699231296,1,second
2016,Dez Bryant,DAL,WR,5.2,1.8,15.5,35.41,50,96,52.08,796,8,2.7,3.5,-0.8,2.3818144304622986,3.4304206736039267,0.2742581625656475,1,second
2017,Jason Witten,DAL,TE,4.8,2.5,7.4,15.66,63,87,72.41,560,5,1.8,2.8,-1.0,0.32041168927743635,1.2626231244557702,-2.6487942531494393,1,second
2017,Sammy Watkins,LAR,WR,4.8,2.5,14.4,24.67,39,70,55.71,593,8,5.2,4.7,0.4,0.5840342705361787,1.0868044731245976,1.7767555925970788,1,second
2017,Cameron Brate,TB,TE,5.6,2.7,9.3,11.91,48,77,62.34,591,6,3.7,4.0,-0.3,-0.42341696802151957,0.5014514738850915,-0.7398686823242725,1,second
2017,Antonio Gates,LAC,TE,4.7,2.6,8.6,9.36,30,52,57.69,316,3,3.2,3.3,-0.2,-1.8348031711877921,1.7189339070241156,-0.50301390329152,1,second
2016,Phillip Dorsett,IND,WR,7.1,2.9,13.8,15.6,33,59,55.93,528,2,4.3,4.7,-0.3,-1.6703519373459326,0.8662626352014983,0.1602096456398703,1,second
2016,Sammy Watkins,BUF,WR,5.6,2.5,15.1,16.64,28,52,53.85,430,2,1.1,3.0,-1.9,-1.2710892123703816,3.958573526153967,-1.6759269476229868,1,second
2016,Cameron Brate,TB,TE,5.3,2.5,10.2,13.56,57,81,70.37,660,8,2.6,3.4,-0.8,0.5425266293105286,1.0184082309738303,-1.7153039364945437,1,second
2018,DeSean Jackson,TB,WR,7.3,2.7,19.1,21.43,41,74,55.41,774,4,4.6,4.5,0.0,-0.05817969720866578,1.4399926107167365,1.0740324023078731,1,second
2018,Curtis Samuel,CAR,WR,6.7,2.4,12.2,19.14,39,65,60.0,494,5,2.9,3.5,-0.6,-0.5958554146878171,1.9271868884456231,-0.8031722916344819,1,second
2018,Keelan Cole,JAX,WR,6.6,2.9,9.7,18.35,38,70,54.29,491,1,3.9,4.5,-0.6,-1.567875257905784,0.7721244804047341,-0.5807329440837469,1,second
2016,C.J. Fiedorowicz,HOU,TE,5.4,2.3,7.3,11.97,54,89,60.67,559,4,3.8,4.0,-0.2,-0.3529494659025703,0.6503675160152913,-0.6796081513123531,1,second
2018,Kendrick Bourne,SF,WR,6.5,2.8,9.1,15.4,42,67,62.69,487,4,3.6,3.7,0.0,-1.1268802721475015,0.5530300346097143,-0.7813851723798898,1,second
2016,Coby Fleener,NO,TE,5.4,2.5,9.9,15.81,50,81,61.73,631,3,4.1,4.8,-0.6,-0.4152425217988424,0.5069335498871407,-0.44351640816006443,1,second
2018,Robby Anderson,NYJ,WR,6.4,2.3,16.5,33.56,50,94,53.19,752,6,3.6,3.9,-0.3,1.497562503841941,2.3392100997050886,0.5764467149308904,1,second
2016,Corey Coleman,CLE,WR,5.6,2.8,15.2,21.65,33,73,45.21,413,3,2.8,3.2,-0.4,-0.6998825743021551,3.08225637500347,0.17810717120675512,1,second
2016,Kamar Aiken,BAL,WR,5.2,3.4,12.1,11.54,29,50,58.0,328,1,3.5,4.7,-1.1,-2.4262568019245965,0.9314433560241588,-0.8410250349063018,1,second
2016,J.J. Nelson,ARI,WR,5.9,2.9,18.3,20.38,34,74,45.95,568,6,4.8,3.6,1.2,-0.07760586995391192,1.9616774110416246,2.3149623350673134,1,second
2016,Donte Moncrief,IND,WR,5.7,2.4,11.1,11.84,30,56,53.57,307,7,2.5,2.7,-0.1,-1.064619737131717,2.6520621065623637,-0.40047474284087686,1,second
2016,Alshon Jeffery,CHI,WR,4.9,2.2,14.1,25.16,52,94,55.32,821,2,3.7,3.5,0.2,0.9547194384784571,2.2051598425505103,0.698303832406351,1,second
2016,Kenny Stills,MIA,WR,6.5,2.5,15.3,31.58,42,81,51.85,726,9,4.2,3.8,0.4,1.2705998607084243,1.7667848172363083,1.203718851639979,1,second
2016,Jermaine Kearse,SEA,WR,5.6,2.4,13.2,22.83,41,89,46.07,510,1,3.3,4.2,-0.9,-0.4189662501821064,2.5889153330250703,0.021081962844487472,1,second
2017,Zay Jones,BUF,WR,5.3,2.7,13.0,23.83,27,74,36.49,316,2,2.9,4.1,-1.2,-1.1146777101607275,3.28631636127108,0.10831930218344513,1,second
2016,Garrett Celek,SF,TE,4.9,2.6,9.6,11.27,29,50,58.0,350,3,4.2,4.3,-0.1,-1.82997996740601,1.0666046944432022,0.22828336232485605,1,second
2017,Corey Coleman,CLE,WR,5.3,2.3,14.7,15.86,23,58,39.66,305,2,1.4,1.8,-0.4,-1.3171736813453212,4.974191045679767,-0.0945539812987654,1,second
2016,Jeremy Kerley,SF,WR,6.5,3.1,9.2,24.8,64,115,55.65,667,3,3.2,4.8,-1.7,0.30477531259865703,0.3806073621603801,-2.003890414367259,1,second
2016,DeVante Parker,MIA,WR,4.9,2.3,12.5,27.76,56,87,64.37,744,4,4.3,4.4,-0.1,1.0314639236664795,0.9752024685983905,0.35529430464461814,1,second
2017,Kelvin Benjamin,BUF,WR,5.5,2.0,11.5,21.73,48,78,61.54,692,3,3.3,3.0,0.2,0.33720391386022086,2.086265713336719,-0.028725767804151085,1,second
2017,DeVante Parker,MIA,WR,5.2,2.3,12.3,24.87,57,96,59.38,670,1,4.0,4.1,-0.1,0.46586480842222394,1.4007954367692281,0.17992203973721335,1,second
2017,Seth Roberts,OAK,WR,5.5,2.7,9.4,13.63,43,65,66.15,455,1,2.9,3.5,-0.6,-1.3929047017930463,1.1754000430040754,-1.4253614188366477,1,second
2016,Brian Quick,LAR,WR,6.5,2.2,12.3,22.14,41,77,53.25,564,3,4.0,2.9,1.1,-0.24202549372119994,2.00287825052949,1.0182813488953137,1,second
2016,Marquise Goodwin,BUF,WR,6.5,2.8,15.8,22.87,29,68,42.65,413,3,2.3,2.3,0.1,-0.8444265140303194,3.6389745228929513,0.2287592744296057,1,second
2017,Emmanuel Sanders,DEN,WR,5.5,2.4,10.6,21.06,47,92,51.09,555,2,4.0,3.1,0.9,-0.11813921734450691,1.7239320150307402,0.776946012813661,1,second
2016,Golden Tate,DET,WR,5.5,2.7,8.4,23.96,91,135,67.41,1077,4,6.6,5.7,0.9,2.091195317153348,-2.361379626168431,0.7593013717027634,2,third
2016,Jordy Nelson,GB,WR,5.8,2.7,13.0,34.56,97,152,63.82,1257,14,3.7,3.6,0.1,4.965379966530331,0.03648326382600132,-0.5248862605210932,2,third
2016,Mike Wallace,BAL,WR,5.8,2.7,12.5,27.64,72,116,62.07,1017,4,5.8,5.2,0.6,1.7222520013644198,-0.7728948270925738,1.0383570925065806,2,third
2016,Tyrell Williams,LAC,WR,5.7,2.5,12.2,28.34,69,119,57.98,1059,7,6.7,7.4,-0.7,2.0478507642473986,-1.3917660727744554,1.2157462579131113,2,third
2016,Mike Evans,TB,WR,5.8,2.2,15.5,44.04,96,173,55.49,1321,12,1.9,2.4,-0.5,5.962154760346268,2.5327107280039773,-0.9683639627352719,2,third
2016,Kelvin Benjamin,CAR,WR,5.7,1.8,12.7,24.7,63,118,53.39,941,7,3.5,3.8,-0.3,2.2444244548941272,2.05845188107623,0.19080721733130138,2,third
2016,Emmanuel Sanders,DEN,WR,5.8,2.6,13.3,33.75,79,137,57.66,1032,5,3.0,3.4,-0.4,2.8677303338610387,1.425606942399757,-0.7728536092150782,2,third
2019,Tyreek Hill,KC,WR,5.9,3.2,12.6,23.86,58,89,65.17,860,7,4.9,4.2,0.6,0.9461136725455114,-0.5224978747570688,0.3504998583544926,2,third
2016,Cameron Meredith,CHI,WR,5.7,2.4,10.4,19.15,66,97,68.04,888,4,4.3,3.7,0.7,0.9547806417554057,0.11334988971044503,-0.021919931896963212,2,third
2016,T.Y. Hilton,IND,WR,5.7,2.6,13.3,39.3,91,155,58.71,1448,6,3.6,4.4,-0.9,4.302726086492392,0.5704144856790769,-0.7861934372624629,2,third
2016,Terrelle Pryor,CLE,WR,5.6,2.8,14.7,40.1,77,140,55.0,1007,4,2.4,3.3,-1.0,3.0316074954346197,2.076594834016487,-1.1601505406918597,2,third
2016,Jimmy Graham,SEA,TE,5.8,2.7,10.2,18.84,65,95,68.42,923,6,4.9,5.4,-0.4,0.8818066348040157,-0.9392150635896614,-0.3854951435320016,2,third
2016,Jarvis Landry,MIA,WR,5.8,2.9,6.5,21.64,94,131,71.76,1136,4,6.5,4.8,1.7,1.945211904504111,-2.897094980519874,0.5337191294061135,2,third
2019,Julian Edelman,NE,WR,5.7,2.8,9.2,31.74,100,153,65.36,1117,6,3.5,4.4,-0.9,3.321157280209252,-0.45408481469689854,-1.8142329836177014,2,third
2016,Brandon LaFell,CIN,WR,5.7,2.7,10.9,24.33,64,107,59.81,862,6,5.2,4.9,0.2,1.2758703735840344,-0.36136972324524397,0.5009299284605593,2,third
2018,Larry Fitzgerald,ARI,WR,6.3,2.3,9.6,27.1,69,112,61.61,734,6,3.2,3.2,0.1,1.5652494523926357,1.0771340246544951,-0.802540338412529,2,third
2019,Jarvis Landry,CLE,WR,5.7,2.6,9.8,29.93,83,138,60.14,1174,6,5.5,4.4,1.1,2.8700074600858767,-0.8672520368936544,0.8576071748926533,2,third
2016,Steve Smith,BAL,WR,6.5,2.7,9.1,17.49,70,101,69.31,799,5,3.8,3.2,0.7,0.7226402809994154,-0.20380719565462577,-0.8528130337425338,2,third
2019,Michael Thomas,NO,WR,5.2,2.6,8.1,41.34,149,185,80.54,1725,9,4.1,3.9,0.2,6.744157628426687,-2.1020778510889198,-1.8192672505343996,2,third
2019,Emmanuel Sanders,SF,WR,5.1,2.5,10.9,30.87,66,97,68.04,869,5,3.8,3.8,0.0,1.718578543282848,0.5915509637889572,-0.3924517863765589,2,third
2019,Courtland Sutton,DEN,WR,5.1,2.5,11.8,42.93,72,124,58.06,1112,6,5.2,4.4,0.8,3.2483174596615414,0.19041825833842235,1.3068386254486866,2,third
2019,Allen Robinson,CHI,WR,5.1,2.2,11.1,39.2,98,154,63.64,1147,7,3.1,4.0,-0.9,4.336336940936772,0.9008520429613647,-1.2418598984888791,2,third
2016,Doug Baldwin,SEA,WR,6.6,3.1,9.4,22.77,94,125,75.2,1128,7,4.9,5.1,-0.2,2.196150832233528,-2.2257370756554953,-1.3008494580348469,2,third
2019,DeVante Parker,MIA,WR,5.0,2.1,13.8,33.11,72,128,56.25,1202,9,4.2,4.1,0.1,3.677054752263871,1.2653968687768689,0.8070106043548664,2,third
2016,Larry Fitzgerald,ARI,WR,6.5,2.4,8.0,18.06,107,150,71.33,1023,6,3.4,3.6,-0.2,2.664286152109595,-0.6258371843261531,-2.0762046595398025,2,third
2019,DeAndre Hopkins,HOU,WR,5.0,2.7,10.3,34.37,104,150,69.33,1165,7,3.9,4.4,-0.5,3.9369674016174563,-0.5636888969209318,-1.2258825976720198,2,third
2019,D.K. Metcalf,SEA,WR,4.9,2.5,13.4,28.51,58,100,58.0,900,7,5.0,4.5,0.6,1.859090032307285,0.5865907299400679,1.3607080887381084,2,third
2019,Jared Cook,NO,TE,4.9,2.3,10.9,19.39,43,65,66.15,705,9,6.1,3.5,2.6,0.6977187752692767,-0.14582800619146638,2.6218191985029864,2,third
2016,Rishard Matthews,TEN,WR,7.1,2.2,13.5,29.93,65,108,60.19,945,9,3.9,4.0,-0.1,2.2789933717240114,1.0191873865309735,-0.013599880001976105,2,third
2016,Brandin Cooks,NO,WR,7.1,2.8,13.4,30.87,78,117,66.67,1173,8,4.6,4.1,0.5,2.671484935110435,-0.4972205598461025,-0.01567934463709029,2,third
2019,John Brown,BUF,WR,4.6,2.4,14.2,36.14,72,115,62.61,1060,6,3.1,3.4,-0.3,3.092785659991418,1.7449544297005846,-0.2527063135601939,2,third
2019,Stefon Diggs,MIN,WR,4.6,2.5,14.9,41.27,63,94,67.02,1126,6,5.1,4.2,0.9,2.895020973839492,0.47323604027502886,1.546340260226697,2,third
2016,DeSean Jackson,WAS,WR,7.3,2.9,16.0,28.09,56,100,56.0,1005,4,4.9,5.1,-0.2,0.978727981629311,0.2760127065793368,0.5804625784776847,2,third
2019,A.J. Brown,TEN,WR,5.0,2.2,13.4,29.8,52,84,61.9,1051,8,8.8,3.9,4.9,2.1201010003854663,-1.2331374844209135,5.72985003696986,2,third
2016,Travis Kelce,KC,TE,5.9,3.0,7.0,20.8,85,117,72.65,1125,4,7.8,6.6,1.2,1.2916025350756313,-3.9172003707733647,1.0916742972317541,2,third
2019,Terry McLaurin,WAS,WR,5.2,2.1,14.1,37.09,58,93,62.37,919,7,3.9,3.2,0.7,2.5027456950914044,1.798009511582459,0.9454870187977226,2,third
2019,D.J. Moore,CAR,WR,5.3,2.6,11.1,30.19,87,135,64.44,1175,4,4.8,3.9,0.9,2.860264466912069,-0.34663517624666856,0.3605592252157242,2,third
2019,Davante Adams,GB,WR,5.6,3.2,10.0,26.56,83,127,65.35,997,5,5.0,5.1,-0.1,1.8731269194212423,-1.4077516455515002,-0.49996042518759304,2,third
2019,Michael Gallup,DAL,WR,5.6,2.2,12.6,26.7,66,113,58.41,1107,6,5.4,3.6,1.7,2.328453648952711,0.4286963261410167,1.8596601512995847,2,third
2019,Julio Jones,ATL,WR,5.6,2.2,12.3,35.92,99,157,63.06,1394,6,3.7,3.1,0.6,4.531587704680586,0.6969874491305598,-0.16217841507312705,2,third
2016,Michael Crabtree,OAK,WR,6.0,2.3,11.6,33.82,89,145,61.38,1003,8,2.9,2.9,-0.1,3.604681324088418,1.276212460336769,-1.0029563574298843,2,third
2019,Odell Beckham,CLE,WR,5.5,2.6,13.3,39.01,74,133,55.64,1035,4,4.6,3.8,0.8,2.8472146767099797,0.7757491670605529,0.968178532225946,2,third
2019,Tyler Boyd,CIN,WR,5.5,2.6,9.2,28.46,90,148,60.81,1046,5,4.2,4.6,-0.4,2.7384244757704415,-0.30853197442585595,-0.8098732063093339,2,third
2019,Zach Ertz,PHI,TE,5.9,2.7,8.7,24.58,88,135,65.19,916,6,3.2,3.8,-0.6,2.2233784536890573,0.004844845309866532,-1.7991088113188247,2,third
2016,Delanie Walker,TEN,TE,6.4,2.9,10.1,21.08,65,102,63.73,800,7,4.0,4.1,-0.1,0.9525848348846493,-0.19654136317646004,-0.7927194814010242,2,third
2019,Amari Cooper,DAL,WR,5.4,2.6,12.8,28.66,79,119,66.39,1189,8,3.3,3.8,-0.5,3.049426926742078,0.5949846819871022,-0.9195312256726741,2,third
2019,Travis Kelce,KC,TE,5.4,3.1,9.3,26.99,97,136,71.32,1229,5,4.5,4.3,0.2,2.7954044447631987,-1.503735596810432,-0.9950614790965391,2,third
2016,Marqise Lee,JAX,WR,6.3,2.6,11.9,22.8,63,105,60.0,851,3,5.5,5.4,0.1,0.6578310951222891,-0.44661336148677766,0.6301797011863235,2,third
2019,Darren Waller,OAK,TE,5.4,3.1,7.2,26.69,90,117,76.92,1145,3,6.9,5.6,1.3,1.7582785155045362,-3.387274222824296,0.5497091960521057,2,third
2016,Kyle Rudolph,MIN,TE,6.3,2.9,7.3,23.43,83,132,62.88,840,7,4.4,5.3,-0.9,1.6503633729585483,-1.2010273352517458,-1.452998555023138,2,third
2019,Mike Evans,TB,WR,5.3,2.4,15.3,28.34,67,118,56.78,1157,8,4.3,3.8,0.5,2.928184637632585,1.1691291065590237,1.0048667249835246,2,third
2016,Julian Edelman,NE,WR,6.4,2.7,9.5,33.83,98,159,61.64,1106,3,4.9,4.7,0.2,2.9225571445130627,-0.9568949181869244,-0.40807936433881736,2,third
2019,Kenny Golladay,DET,WR,5.3,1.9,15.4,33.67,65,116,56.03,1190,11,4.9,4.3,0.6,3.7323562775586496,1.273060606338704,1.808815661961202,2,third
2019,Keenan Allen,LAC,WR,5.4,2.7,10.0,30.38,104,149,69.8,1199,6,3.7,4.1,-0.4,3.586405856349679,-0.5609615425481187,-1.4719236608918156,2,third
2016,Greg Olsen,CAR,TE,5.5,2.8,11.5,24.32,80,129,62.02,1073,3,4.3,5.1,-0.8,1.827452797103966,-0.2772378866956688,-0.7651317749022064,2,third
2016,DeAndre Hopkins,HOU,WR,4.3,2.3,12.7,35.17,78,151,51.66,954,4,3.0,2.7,0.3,3.299930776099573,2.3319209953568554,0.12900630822399983,2,third
2016,Jordan Matthews,PHI,WR,5.4,2.8,10.7,25.82,73,117,62.39,804,3,3.2,4.5,-1.3,1.2348601606438794,0.5863004837354152,-1.6056308332621199,2,third
2017,Mike Evans,TB,WR,5.3,2.1,14.2,31.87,71,136,52.21,1004,5,2.1,2.5,-0.4,2.98987556892888,3.081962473013899,-0.5807698733040925,2,third
2018,Adam Thielen,MIN,WR,5.8,2.9,9.6,32.76,113,153,73.86,1373,9,3.9,3.9,0.0,4.455992463804864,-1.3529673207467492,-1.5499187220768718,2,third
2017,Julio Jones,ATL,WR,5.4,2.4,14.4,46.0,88,148,59.46,1444,3,5.9,5.3,0.5,4.162601437866447,-0.2976232037510569,1.5350052943346462,2,third
2018,Eric Ebron,IND,TE,5.8,3.4,9.9,22.01,66,110,60.0,750,13,3.9,4.3,-0.5,1.723913368412434,-0.5300973178216232,-1.0182090391829877,2,third
2017,Keenan Allen,LAC,WR,5.5,2.7,9.5,31.63,102,159,64.15,1393,6,5.3,4.8,0.5,3.902891083866458,-1.462041581338961,0.034708251603476056,2,third
2018,Julio Jones,ATL,WR,5.7,2.5,14.0,45.64,113,170,66.47,1677,8,4.2,3.8,0.4,6.034863247280521,-0.18524345257319225,-0.10258585777858006,2,third
2018,Mike Evans,TB,WR,5.7,2.1,15.7,32.8,86,138,62.32,1524,8,3.8,3.6,0.1,4.457413843990704,1.1475881829342136,0.23668318303448024,2,third
2017,Jermaine Kearse,NYJ,WR,5.6,2.8,8.9,23.97,65,102,63.73,810,5,5.1,4.4,0.7,0.9430446060944606,-0.7077649063575399,0.30120131227799024,2,third
2018,Brandin Cooks,LAR,WR,5.7,2.7,12.9,30.74,80,117,68.38,1204,5,4.5,4.8,-0.3,2.565996250656671,-0.38145429470836173,-0.3343210001214888,2,third
2017,Davante Adams,GB,WR,5.6,2.8,9.4,27.93,74,117,63.25,885,10,5.0,4.6,0.4,2.3115248891596707,-0.8439517736284072,0.15488652745712694,2,third
2018,Jarvis Landry,CLE,WR,5.7,3.3,10.8,30.4,81,149,54.36,976,4,3.8,4.7,-0.9,2.147613576836567,-0.11604171003176025,-1.1484909632265345,2,third
2017,Adam Thielen,MIN,WR,5.7,2.7,10.8,38.39,91,142,64.08,1276,4,5.0,4.7,0.3,3.369263017740988,-0.7848526266654068,0.08227029769134486,2,third
2018,Tyler Boyd,CIN,WR,5.6,2.9,9.4,22.93,76,108,70.37,1028,7,5.8,5.2,0.6,1.711779779557715,-1.8868360152400212,0.29764673803606706,2,third
2018,Travis Kelce,KC,TE,5.6,2.9,8.9,25.31,103,150,68.67,1336,10,5.8,4.6,1.3,3.84785338806997,-2.3556408482330955,0.3687782797401222,2,third
2018,Jared Cook,OAK,TE,5.6,3.0,8.0,22.16,68,101,67.33,896,6,5.7,5.4,0.3,0.9431861855994543,-1.8220720042415375,0.08047897375539699,2,third
2017,Michael Thomas,NO,WR,5.7,2.6,9.3,41.35,104,148,70.27,1245,5,4.6,4.3,0.3,3.9707460907551324,-0.9992846320932823,-0.5916791296900187,2,third
2017,Doug Baldwin,SEA,WR,5.7,2.8,12.5,26.77,75,116,64.66,991,8,3.7,3.9,-0.2,2.364853132668233,0.28850855880782544,-0.6545478495846666,2,third
2017,Brandin Cooks,NE,WR,5.2,2.7,15.1,32.86,65,114,57.02,1082,7,3.9,4.7,-0.8,2.5959036671952185,1.0605068997716214,0.05048819118726987,2,third
2017,Jarvis Landry,MIA,WR,5.7,3.2,6.1,20.7,112,161,69.57,987,9,4.8,4.7,0.0,2.9960352060830218,-2.471248403233279,-1.5946636891093666,2,third
2018,Tyreek Hill,KC,WR,5.9,3.1,14.8,38.43,87,137,63.5,1479,12,6.4,5.8,0.6,4.481174815700529,-1.8678885287651115,1.4176479737172867,2,third
2018,T.Y. Hilton,IND,WR,5.9,2.3,11.3,27.58,76,120,63.33,1270,6,6.2,6.2,0.0,2.491900932349096,-1.26171818617373,0.9579083717234781,2,third
2018,Calvin Ridley,ATL,WR,6.3,3.2,10.0,17.68,64,92,69.57,821,10,5.8,5.1,0.7,0.8666953165271284,-2.0203920740325643,0.2946226053395113,2,third
2018,Tyler Lockett,SEA,WR,6.6,3.3,13.5,24.44,57,70,81.43,965,10,4.2,4.7,-0.5,1.1309968625090498,-1.1809046729531463,-1.1536546092438216,2,third
2018,Chris Godwin,TB,WR,6.2,2.6,11.9,17.14,59,95,62.11,842,7,4.6,4.0,0.6,0.8651000187574445,0.12437503360622225,0.3641120551839956,2,third
2017,Antonio Brown,PIT,WR,4.3,2.6,13.7,41.89,101,163,61.96,1533,9,5.1,4.5,0.6,5.561028274116315,-0.38250184293529044,0.9553932828382876,2,third
2017,Marvin Jones,DET,WR,4.3,2.2,15.3,35.82,61,107,57.01,1101,9,3.9,3.3,0.6,3.4020210763634267,2.0053509881127525,1.3031010763178184,2,third
2017,Amari Cooper,OAK,WR,4.5,2.6,11.3,24.02,48,96,50.0,680,7,6.6,4.9,1.8,0.9154339489765875,-0.12299538674939003,3.003794071752616,2,third
2017,DeAndre Hopkins,HOU,WR,4.6,2.1,13.6,43.87,96,174,55.17,1377,13,3.7,3.1,0.6,6.290199327655359,1.4084209904815395,0.6833879092391176,2,third
2018,Odell Beckham,NYG,WR,6.2,3.0,11.5,33.3,77,124,62.1,1052,6,4.5,5.3,-0.7,2.272713372837943,-0.6457550839242413,-0.618271582484785,2,third
2017,A.J. Green,CIN,WR,4.9,2.4,13.3,46.31,75,143,52.45,1078,8,4.6,4.2,0.4,4.1135303226721005,1.0690769413609136,1.2089965414895985,2,third
2017,Demaryius Thomas,DEN,WR,5.0,2.3,10.0,30.17,83,140,59.29,949,5,3.8,3.7,0.1,2.7775900751285323,0.7791793586063384,-0.295807995594412,2,third
2018,Zach Ertz,PHI,TE,6.1,3.2,7.3,25.8,116,156,74.36,1163,8,3.3,4.2,-0.9,3.4391334926739034,-1.736507233201489,-2.9539173871256734,2,third
2018,Corey Davis,TEN,WR,6.1,3.1,10.3,35.83,65,112,58.04,891,4,4.3,4.0,0.3,1.5195541152382448,0.01418878180967543,-0.10862179382532432,2,third
2018,Amari Cooper,DAL,WR,6.0,2.9,9.9,26.5,75,107,70.09,1005,7,5.7,4.2,1.6,1.8725033657454486,-1.5730074689751063,0.7998704275923184,2,third
2017,Dez Bryant,DAL,WR,5.1,2.4,11.8,37.77,69,132,52.27,838,6,4.4,3.6,0.8,2.743236259412078,1.2229152197458164,1.0464078988170447,2,third
2017,Alshon Jeffery,PHI,WR,5.1,1.8,14.5,33.0,57,120,47.5,789,9,3.9,3.0,0.9,2.868208504806292,2.7897641562207007,1.71258004141801,2,third
2018,Stefon Diggs,MIN,WR,5.9,2.7,8.9,29.55,102,149,68.46,1021,9,4.3,4.3,0.0,3.465306626181569,-1.0567856458078921,-1.0605681031599223,2,third
2017,Zach Ertz,PHI,TE,5.1,2.9,7.8,16.18,74,110,67.27,824,8,3.9,4.2,-0.3,1.3122867334838821,-0.6444962393762997,-1.2451001117273586,2,third
2018,Sterling Shepard,NYG,WR,5.9,3.1,10.4,25.96,66,107,61.68,872,4,5.2,5.5,-0.3,0.8560020697142444,-1.0153541381478783,-0.10890846996444091,2,third
2016,Stefon Diggs,MIN,WR,5.5,2.8,9.1,24.84,84,112,75.0,896,3,3.5,3.8,-0.3,1.4910017628168415,-0.4176419433997613,-1.7163228705981284,2,third
2018,Alshon Jeffery,PHI,WR,5.5,2.5,10.8,22.66,65,92,70.65,840,6,4.7,3.8,0.9,1.246168719520401,-0.19230550624138756,0.3065453220594155,2,third
2017,Golden Tate,DET,WR,5.9,2.8,5.7,15.03,92,120,76.67,1003,5,7.0,5.3,1.7,1.3107224793871979,-3.5215699106973095,0.5457558116962,2,third
2019,D.J. Chark,JAX,WR,6.5,2.8,11.9,33.13,73,118,61.86,1008,8,4.4,4.4,0.0,2.4421348894011286,-0.16110275012667155,-0.17557342514584154,2,third
2016,Davante Adams,GB,WR,4.6,2.9,12.3,26.03,75,121,61.98,997,12,5.4,5.3,0.1,2.949105054874874,-0.8582648015341491,0.7201902912391159,2,third
2016,Demaryius Thomas,DEN,WR,4.7,2.1,11.1,29.56,90,144,62.5,1083,5,3.4,3.6,-0.2,3.3605008814237776,1.0832177086895882,-0.600788418074581,2,third
2016,A.J. Green,CIN,WR,4.8,2.5,13.4,27.83,66,100,66.0,964,4,4.0,4.8,-0.8,1.689048247901069,0.6821964463420457,-0.32656463549368203,2,third
2016,Michael Thomas,NO,WR,4.8,2.4,8.4,20.03,92,121,76.03,1137,9,5.0,4.6,0.4,2.8962967826370285,-1.4798266362098091,-0.3831965785851488,2,third
2016,Kenny Britt,LAR,WR,4.9,2.3,12.7,33.05,68,111,61.26,1002,5,4.1,4.1,0.0,2.4153548542043994,1.049700668976128,0.337031205384757,2,third
2019,Cooper Kupp,LAR,WR,6.3,3.4,7.2,20.37,94,134,70.15,1161,10,6.0,4.8,1.1,2.49415041378193,-3.168692021672613,-0.20406305200728253,2,third
2019,Tyler Lockett,SEA,WR,6.3,3.2,12.8,30.09,82,110,74.55,1057,8,4.0,4.4,-0.5,2.3908942680498466,-0.8898555026264126,-1.3128511533467808,2,third
2016,Julio Jones,ATL,WR,5.0,2.2,14.5,38.78,83,129,64.34,1409,6,4.8,5.2,-0.3,3.9975016957130847,0.24950031169048978,0.6153665132117143,2,third
2016,Antonio Brown,PIT,WR,5.0,2.9,11.1,30.44,106,154,68.83,1284,12,3.8,4.6,-0.7,4.6305971739928085,-0.8999663522104677,-1.3569794085391291,2,third
2016,Pierre Garcon,WAS,WR,5.1,2.7,10.9,21.67,79,114,69.3,1041,3,4.3,4.1,0.2,1.6408280720337776,-0.3217246980184164,-0.4690227229308125,2,third
2016,Anquan Boldin,DET,WR,5.2,2.4,6.7,13.52,67,95,70.53,584,8,3.1,3.5,-0.3,0.6971686459457753,0.2545205655551063,-1.6302395331660438,2,third
2016,Odell Beckham,NYG,WR,5.2,2.8,11.4,39.16,101,169,59.76,1367,10,5.2,4.6,0.6,5.007534365623699,-0.9681272305500657,0.5312716579148741,2,third
2016,Sterling Shepard,NYG,WR,5.3,2.7,9.3,19.99,65,105,61.9,683,8,4.2,4.8,-0.6,1.0749702231875917,-0.09208955488859658,-0.656803243791212,2,third
2016,Adam Thielen,MIN,WR,5.3,2.8,11.0,24.71,69,92,75.0,967,5,4.4,5.1,-0.8,1.2809808070786446,-0.7424909136096145,-0.9937579834707861,2,third
2019,Jamison Crowder,NYJ,WR,6.0,3.0,7.9,24.13,78,122,63.93,833,6,4.7,4.7,0.0,1.4140113783720105,-1.1545183595256892,-0.7315266866134983,2,third
2019,Mark Andrews,BAL,TE,6.0,3.0,10.8,28.65,63,97,64.95,854,10,4.9,4.2,0.7,1.7618761032535841,-0.6724098479694449,0.3385716229756806,2,third
2016,Amari Cooper,OAK,WR,4.6,2.6,10.1,27.0,83,132,62.88,1153,5,5.5,5.4,0.1,2.6074277231493714,-0.9747735522702393,0.46528874788279845,2,third
2018,George Kittle,SF,TE,5.4,3.3,7.3,25.32,88,136,64.71,1377,5,10.2,6.7,3.4,2.295147688848581,-5.176751663014052,3.793982687743541,2,third
2016,Allen Robinson,JAX,WR,4.6,1.9,14.1,38.96,73,151,48.34,883,6,2.8,3.9,-1.1,3.589320125592638,2.9639770457204673,-0.14314864271788452,2,third
2019,Chris Godwin,TB,WR,6.6,2.8,10.4,19.69,86,121,71.07,1333,9,7.1,4.8,2.2,2.599935417896537,-2.831440902345879,1.6093545679836858,2,third
2017,Evan Engram,NYG,TE,5.9,2.6,8.6,22.58,64,115,55.65,722,6,5.0,4.7,0.3,0.9900438571894106,-0.247538931188363,0.32424070842078884,2,third
2017,Larry Fitzgerald,ARI,WR,6.0,2.6,8.2,22.78,109,161,67.7,1156,6,4.1,4.3,-0.2,3.2246345278858217,-1.1084151057317129,-1.5104861378043284,2,third
2018,JuJu Smith-Schuster,PIT,WR,5.3,3.0,8.7,27.6,111,166,66.87,1383,7,6.1,6.0,0.0,3.8528121369133563,-2.7734944943505657,-0.22778517432154347,2,third
2018,Keenan Allen,LAC,WR,5.3,2.7,8.8,29.75,97,136,71.32,1196,6,4.4,4.7,-0.3,3.1339544588029957,-1.170425082846871,-1.094257628678519,2,third
2017,Travis Kelce,KC,TE,6.1,2.9,9.2,27.58,83,122,68.03,1038,8,5.5,5.0,0.5,2.3276808053786633,-1.7500911116594018,0.012526729959604814,2,third
2017,T.Y. Hilton,IND,WR,6.1,2.5,13.1,38.35,57,109,52.29,966,4,5.4,4.6,0.8,1.8603516920111887,0.5858454742366014,1.6935432287681942,2,third
2018,Antonio Brown,PIT,WR,5.0,2.6,11.2,36.07,104,168,61.9,1297,15,5.0,4.6,0.5,5.591821727790196,-0.9501397271273047,0.4184499908083168,2,third
2018,DeAndre Hopkins,HOU,WR,4.9,2.5,11.9,44.04,115,163,70.55,1572,11,3.7,4.1,-0.5,6.174328549729025,-0.3366361912123152,-1.062285644167686,2,third
2018,Kenny Golladay,DET,WR,4.9,2.3,12.6,37.51,70,119,58.82,1063,5,5.4,4.6,0.7,2.805857623858293,0.3618033856901893,1.4918241544942101,2,third
2018,Davante Adams,GB,WR,4.8,3.0,11.3,33.97,111,169,65.68,1386,13,4.6,4.7,-0.1,5.381551675876738,-1.3374815732115413,-0.5311226160965156,2,third
2017,Robby Anderson,NYJ,WR,6.4,3.4,12.8,38.46,63,114,55.26,941,7,5.1,5.4,-0.3,1.898817941450594,-0.614966287960098,0.30841024542736317,2,third
2018,Michael Thomas,NO,WR,4.6,2.7,7.7,30.27,125,147,85.03,1405,9,4.1,3.6,0.5,4.824111946910959,-1.962325485147691,-1.6272264493057818,2,third
2017,Delanie Walker,TEN,TE,6.6,2.6,9.2,23.89,74,111,66.67,807,3,3.7,4.3,-0.6,0.8940717269446161,-0.056619720925166483,-1.4478435978256117,2,third
2017,Devin Funchess,CAR,WR,6.6,2.5,12.9,34.63,63,111,56.76,840,8,4.8,4.5,0.3,2.093811078804058,0.4638010717102586,0.7542224253129483,2,third
2017,Stefon Diggs,MIN,WR,6.6,2.8,11.5,27.38,64,95,67.37,849,8,4.8,4.2,0.7,1.4276949985867076,-0.5386004590405564,0.22001488276519446,2,third
2019,Robert Woods,LAR,WR,7.3,3.4,8.1,23.69,90,139,64.75,1134,2,6.7,6.2,0.6,1.217758781574541,-3.3624755953289616,0.05041694940159383,2,third
2017,Tyreek Hill,KC,WR,7.2,3.5,11.5,29.56,75,105,71.43,1183,7,6.4,6.3,0.1,1.639645868520668,-2.982322975500138,0.09385645407758725,2,third
2018,Robert Woods,LAR,WR,6.4,3.0,11.3,29.86,86,130,66.15,1219,6,5.3,5.1,0.2,2.6003426006231494,-1.5014032416002348,-0.09658125994979878,2,third
2017,Rob Gronkowski,NE,TE,4.6,2.3,11.2,22.33,69,105,65.71,1084,8,6.0,4.9,1.0,2.2671811700613778,-0.7257388733808564,1.527662596955007,2,third
