Name,qb,rb,wr,te,ol,dl,lb,s,cb,off,def,wins
Eagles2013,11.901321529311188,9.072041362861906,17.1089095279689,4.89832930006995,22.819804908705617,12.630980216151572,10.051616352303537,6.153020726768434,5.363976075858896,65.80040662891756,34.199593371082436,10
Seahawks2013,1.2752300880477423,8.84475956423385,13.784691930279205,10.465642496320646,22.894954319403,26.79339097348052,6.0418462787250675,7.026583836326266,2.8729005131837058,57.265278398284444,42.734721601715556,13
Titans2013,5.787459814811931,14.042786662561138,11.586774091716913,6.374284913594169,24.404834081596782,13.948465146260363,5.243028573957071,9.842551646480214,8.769815069021417,62.19613956428093,37.803860435719066,7
Broncos2013,16.12487420625274,4.368562428952939,8.719282323108713,6.904313148047584,22.012763365635184,10.505377779618797,11.15859030776279,5.078226635032682,15.128009805588569,58.129795471997156,41.870204528002844,13
Giants2013,20.105592564367228,4.603363071271476,7.930977379353032,2.740877650828434,22.150571442957112,13.382897467372945,7.235658055878291,11.611815062657284,10.238247305314195,57.53138210877729,42.46861789122271,7
Texans2013,10.340486890593493,9.521501857813325,12.531875856457287,6.111733727042195,16.439998942752556,13.533764696739961,9.995429295895633,6.875228221857131,14.649980510848419,54.94559727465886,45.05440272534114,2
Saints2013,15.982322916515496,8.046620974896982,10.260103257491442,2.8514905157431536,15.944363962364536,15.574261084726178,12.401813160704103,8.750133660145199,10.188890467412909,53.08490162701161,46.91509837298839,11
Vikings2013,7.112316963227528,13.226583346326947,8.714143609195096,3.8474908303712514,17.069310831333492,30.31829105308053,11.400747642866145,4.778826866879989,3.532288856719025,49.96984558045431,50.03015441954569,5
Lions2013,21.092200557342906,3.9011038836864285,15.052088180756257,4.116625932984999,12.936578232973593,22.001369991794295,10.24257707808507,4.655809717830378,6.0016464245460694,57.098596787744185,42.901403212255815,7
Chargers2013,16.107216874776118,5.2372442705604945,11.002012078512598,8.856584088292815,17.54883475405594,6.284617605649226,18.520458481025468,11.569952390290368,4.873079456836976,58.75189206619796,41.24810793380204,9
Falcons2013,10.98128820524207,6.32830050855182,17.504111896685504,6.976996708471453,16.556239765510266,18.046558456106986,8.480953340581696,7.290486344158814,7.835064774691392,58.34693708446112,41.65306291553888,4
49ers2013,2.634948975409171,8.34994740668999,15.42590714377373,9.611739433893575,15.987882454813763,10.02903846930838,16.242184015029366,9.727554841355845,11.990797259726179,52.010425414580226,47.989574585419774,12
Jets2013,15.204975052703785,4.280068025568146,13.199057121680614,2.6721379510192502,22.21777214739604,5.6124441921743315,20.27494154761011,3.1196111981666443,13.418992763681082,57.57401029836783,42.42598970163217,8
Packers2013,11.713457487161374,2.1868061083885024,9.202962812540394,10.209057266952334,15.821650480438086,14.893810167277499,18.935925146208938,4.47301683144539,12.563313699587486,49.133934155480695,50.866065844519305,8
Patriots2013,14.267340914997686,3.5974907179677507,8.548136198522384,4.055206736965493,22.250529040741274,21.09256119611347,10.552210688310655,7.216395216541056,8.420129289840235,52.718703609194584,47.281296390805416,12
Redskins2013,6.084239217350436,2.2541064512442253,20.102976292217857,4.731896767216924,20.398677248731143,14.492802059749943,19.99477646892967,4.705781149123867,7.2347443454359395,53.57189597676059,46.42810402323941,3
Bears2013,9.901103469470952,10.568140062766826,14.557830982561905,2.1906900799310374,8.842706898144142,26.116299056432467,10.984984922388943,3.338501049770784,13.499743478532945,46.06047149287486,53.93952850712514,8
Panthers2013,8.406364355725206,10.304028196311664,12.245601263716198,4.796852891845707,21.051946622794855,18.550784342566413,13.681745746566767,7.364253887741132,3.598422692732059,56.80479333039363,43.19520666960637,12
Cardinals2013,6.355644433321225,5.463774463879214,15.46696268854628,4.556010732186513,19.738957232878796,21.10451114948915,13.70553085011479,2.892751215084662,10.71585723449937,51.58134955081203,48.41865044918797,10
Cowboys2013,14.126218782794512,2.307191020378623,8.301316656488634,5.74879074952778,19.903601388028793,5.944195689734308,27.05701994969387,3.707193228401802,12.904472534951678,50.38711859721834,49.61288140278166,8
Colts2013,8.13830151698413,6.788469387386405,11.234487154159249,2.467620337483457,17.54864787870497,12.396672812900542,19.803360264667337,12.56916918785401,9.053271459859902,46.17752627471821,53.82247372528179,11
Chiefs2013,9.600304453231878,4.823092995314627,7.771226300702631,3.0801513171794435,18.56615143706297,12.33556739970679,20.201553863339846,11.880253858295987,11.741698375165829,43.84092650349155,56.15907349650845,11
Rams2013,12.756886941067737,2.455419278443997,5.100583759936584,5.787349698017042,17.90889411767159,21.728190932094897,14.624158454194559,3.3929774597591704,16.245539358814426,44.00913379513695,55.99086620486305,7
Buccaneers2013,1.1264876925530678,4.417736856526808,12.787393701292396,2.276519512887842,24.068837307670684,18.705577448267572,5.653124462406784,12.396552049324006,18.56777096907084,44.6769750709308,55.3230249290692,4
Steelers2013,14.134785602118562,2.3412139160560486,8.08047769545686,8.454784913061976,9.950416942593854,11.557831507336441,20.18237557436916,15.133161929895435,10.164951919111662,42.9616790692873,57.0383209307127,8
Jaguars2013,10.454049623194187,11.28730029140411,8.557099504759414,8.967885786150207,18.549815748300247,17.451691873194534,16.962994782698384,3.2957003620312872,4.473462028267628,57.81615095380816,42.18384904619184,4
Bengals2013,2.5152082994661673,5.0524134356998776,7.670182854185731,4.397404621019067,19.67138270400946,34.0524018473196,7.354248816370833,5.12564953903769,14.16110788289157,39.306591914380306,60.693408085619694,11
Ravens2013,7.412635898497201,7.9705925511702285,8.020687136672908,3.982822326316108,16.424287591988033,17.348647830815974,24.015004655463375,3.8295981502993826,10.995723858776794,43.811025504644476,56.188974495355524,8
Bills2013,4.971151813212579,8.913725616261281,9.57068073296185,4.785400588112732,15.407529695020177,30.92198529551895,6.698817699080031,11.195279161264661,7.535429398567736,43.64848844556862,56.35151155443138,6
Dolphins2013,6.149819195448953,2.5320036823732353,8.651717212636713,6.305078066751323,18.44672442900129,29.170741693361222,9.453227149820592,5.276482009175453,14.014206561431223,42.08534258621151,57.91465741378849,8
Browns2013,4.4556969105049244,2.3509385406039724,6.052684310481512,2.799193742235869,25.410963179023277,22.968725183181334,21.616946978561323,2.670788928791691,11.674062226616096,41.069476682849555,58.930523317150445,4
Raiders2013,2.0260652925158418,20.739044645122565,8.145935822766642,2.644294972778321,18.15748696277683,12.798149244630794,11.57133851251443,11.932303243879474,11.985381303015105,51.71282769596021,48.28717230403979,4
Falcons2014,16.238029806618705,6.10136792994371,15.70465525687469,1.0902401459063735,23.147226099372492,21.285900265551795,6.7017331329365435,6.683108301276368,3.0477390615193216,62.28151923871597,37.71848076128403,6
Broncos2014,15.33996927278603,2.2628691432702093,15.456951490747803,3.0214498113964865,20.772079509469965,15.87427494122398,8.77665379292722,5.880296274913655,12.61545576326465,56.8533192276705,43.1466807723295,12
Saints2014,17.36697595039445,4.918927724867263,11.094552987928997,5.711135321037505,23.079575211717696,8.87961315756005,13.168101876251278,8.214616233064469,7.566501537178294,62.17116719594591,37.82883280405409,7
Chargers2014,16.0612401335904,7.740550646645856,9.760648857779646,8.37844397004736,17.96533738022765,6.544150217673716,16.25258159688218,11.732599594485475,5.5644476026677205,59.90622098829092,40.09377901170909,9
Eagles2014,3.106042326060516,13.516721038891061,8.804609894025315,4.709858335245326,24.246247241985884,13.636476478950783,14.494505462384028,6.2607753115120675,11.22476391094502,54.3834788362081,45.6165211637919,10
Rams2014,16.498808331555484,3.009300683728664,6.200474031542096,7.154221050404869,21.742341545813172,27.94425932656401,10.987574708537126,3.4832196398767934,2.979800681977787,54.60514564304428,45.39485435695572,6
Bears2014,17.41251395692443,8.680242104847352,11.14300370771292,6.554859365300142,15.03082482569473,16.840754799170686,9.68192074097724,4.017454264232258,10.638426235140248,58.82144396047957,41.17855603952043,5
Dolphins2014,6.9891434278877425,4.085510409215154,22.147880314113706,1.8999556883300766,14.831337036389202,19.22886309529503,15.413552028959844,5.642926007643231,9.760831992166016,49.95382687593588,50.04617312406412,8
Vikings2014,9.051239663133313,12.289183232308735,9.06126569850596,3.4080832318921943,21.240014594948565,23.02164944670507,11.485189423423005,3.465004869870383,6.978369839212775,55.04978642078877,44.95021357921123,7
Texans2014,4.560933323228208,8.789259026526093,18.465276233057207,4.100702806490929,21.629505317109558,7.630457063758894,15.381875448323925,2.903706444940025,16.538284336565162,57.545676706411996,42.454323293588004,9
49ers2014,5.340254146776464,7.312781877436956,12.239855604548177,8.178556658434198,20.00838569230684,12.977263229241439,21.134183138569547,6.150650972860226,6.65806867982615,53.07983397950264,46.92016602049736,8
Giants2014,18.402006102818724,4.484907804271132,11.319341254360845,1.825296565526467,16.64537150357154,11.486645835749457,12.741781884319735,12.584898309128896,10.509750740253201,52.67692323054871,47.32307676945129,6
Lions2014,14.186493403714216,5.066858360203471,15.498477258650263,4.588712070599804,9.888057039477827,31.743022688411727,11.22767727533921,4.44960809256271,3.35109381104077,49.22859813264559,50.77140186735441,11
Redskins2014,6.330362333866583,2.393691143069194,16.4886274250231,3.424831515463017,23.93765324286633,19.959172445420744,17.987289110954286,2.809791466677158,6.668581316659588,52.57516566028822,47.42483433971178,4
Jets2014,5.758370790411204,6.542101366155559,16.1128064624469,3.53965335850092,28.783076048533154,9.833824779403482,16.453170843922738,4.872148918604065,8.10484743202198,60.73600802604774,39.263991973952265,4
Titans2014,5.4252859896038235,6.19880773012792,8.44418484254965,7.2212827778528546,23.659882921706764,15.937806311813716,10.918355975130162,12.591374550564394,9.603018900650715,50.94944426184101,49.05055573815899,2
Patriots2014,14.1137376923464,4.145926826005332,12.722579251317029,6.733897463030038,14.067218935953669,14.755782422593214,11.736693202825698,7.852162313964836,13.872001891963784,51.783360168652464,48.216639831347536,12
Chiefs2014,7.430754393486233,9.721016406394238,14.961584923347097,5.2138177845613916,10.29964930181375,12.091183050611475,20.492490175640675,12.534403101038462,7.2551008631066765,47.62682280960271,52.37317719039729,9
Steelers2014,18.448018928809258,1.4433161715318616,6.86847565964688,6.786424749929697,12.739206445953643,8.09445978348809,24.775854301493194,9.297772525732434,11.546471433414943,46.285441955871335,53.714558044128665,11
Bengals2014,8.946769319318982,2.992208735341234,8.887817748369772,6.757372634577119,16.143771491080216,25.181709557733946,11.218020489966992,5.349384929631438,14.5229450939803,43.72793992868732,56.27206007131268,10
Packers2014,15.774770545481028,2.356263531886476,7.690192354026521,2.017046729202049,15.542159640096814,6.109988194713774,28.56583148237509,6.196542669556306,15.747204852661945,43.38043280069289,56.61956719930711,12
Cowboys2014,12.84070131398165,2.8327187457627216,5.689048301282664,10.024503395139078,21.63799084814795,11.282840550521072,10.138348521083199,4.1395570975843485,21.41429122649732,53.02496260431406,46.97503739568594,12
Cardinals2014,14.541148521604647,2.3136134577084646,12.789085277696403,3.845823882441866,12.01022221744397,22.518171333689978,14.245525517173716,3.0289623768480536,14.707447415392902,45.49989335689534,54.50010664310466,11
Jaguars2014,9.360873542674405,6.180816047763779,8.526635872126763,10.37765786306647,15.917808441690925,28.30360779383641,13.54742948043406,2.9003813592702428,4.884789599136947,50.36379176732234,49.63620823267766,3
Buccaneers2014,4.590556867777194,3.2726377387170453,14.2304831945965,3.442653027334462,17.062055397128457,33.60836771565004,4.343070811832414,8.881980501391366,10.568194745572521,42.59838622555366,57.40161377444634,2
Panthers2014,8.761759689353285,11.917061771691897,4.171076844028693,9.29297722119237,16.466626109018954,33.272837920934954,9.318903397020504,4.955422079715831,1.8433349670435124,50.6095016352852,49.3904983647148,7
Browns2014,2.484898316714528,1.3533420753174328,9.532358186095202,4.144491246940857,27.122283982591536,17.070982767558753,16.966412758337572,5.928519355447121,15.396711310997,44.63737380765955,55.36262619234045,7
Seahawks2014,2.067980529562955,9.236784670266344,5.768470792459755,6.824859000652321,21.668776854669943,24.43024413284828,10.215943841165316,13.763334296468111,6.023605881906976,45.56687184761132,54.43312815238868,12
Ravens2014,14.824732274272375,1.799688203829552,6.5679167480777005,4.749855629831347,16.80335250922414,20.15975385642782,18.68162924385584,5.128855157409447,11.284216377071775,44.745545365235124,55.254454634764876,10
Bills2014,5.255265328543444,9.88263116729184,5.881935598975907,2.6576134360384285,16.477025053763764,28.608242410773492,14.225705931115526,6.262359691322002,10.749221382175596,40.154470584613385,59.845529415386615,9
Colts2014,8.788707803141186,3.612680512769748,10.763499609001991,2.601476037144519,14.881986811798681,16.711285029797676,21.765222444683207,6.717656300010753,14.15748545165224,40.64835077385612,59.35164922614387,11
Raiders2014,9.723716906921076,7.182489650864057,9.255504458293071,1.4374621207190381,17.81586058954503,23.44749101645846,5.405025116383507,13.791279767073245,11.941170373742512,45.41503372634227,54.58496627365773,3
Broncos2015,13.974938991374286,1.55062423773116,16.91835177046315,5.851842657069268,18.492739900979554,13.520658938599578,11.477746198781272,8.28644808585849,9.926649219143242,56.78849755761742,43.21150244238258,12
Vikings2015,3.916334850849204,12.664304736879085,11.723182316722644,6.500540853497956,22.146722088812272,19.095896196150132,8.863534154112521,4.155570029421206,10.933914773554978,56.95108484676116,43.04891515323884,11
Redskins2015,7.218568037293277,2.6011742011787837,19.52344278784115,4.373466816882404,22.27402673076807,16.966278507370383,13.041450064071025,5.372291774943897,8.62930107965101,55.990678573963685,44.009321426036315,9
Jets2015,3.6691301804558947,4.544980137231106,14.522800316176218,2.9617007318323396,23.461423660727597,12.259410630683368,10.064331939239105,6.250936113098715,22.265286290555657,49.16003502642316,50.83996497357684,10
Eagles2015,13.569387498179811,9.371730017377075,7.196907778040547,5.366597566560267,18.68655355994748,17.42885251193648,8.851371918917632,8.68320762556593,10.845391523474781,54.19117642010517,45.80882357989483,7
Patriots2015,12.568283422457622,3.687820143264443,13.629127689394599,10.252922366068223,17.983685305941936,17.34110761656858,10.935093415876855,9.747211033596749,3.8547490068309975,58.12183892712683,41.87816107287317,12
Chargers2015,19.379248015147958,6.06722432434994,7.208700386597259,9.090956193717767,15.851373942017783,11.600323094631554,12.4261319106498,10.312420713862213,8.063621419025724,57.597502861830705,42.402497138169295,4
Lions2015,15.512736684342297,4.657874781112668,21.371298098261732,6.459149181222404,8.735202575705753,20.305495530443817,11.386935492325915,7.326016516779969,4.2452911398054445,56.73626132064485,43.26373867935515,7
Bears2015,15.301224117104628,10.47389184106974,11.692950739087328,6.916536279170409,16.395216592425356,4.663112095603746,20.173579829588295,8.047803409968624,6.335685095981872,60.77981956885746,39.22018043114254,6
Cardinals2015,9.018650340717853,2.2456638770976447,12.335341093865518,3.949857473206057,22.45808825799979,18.790645269860494,10.93722779250991,3.186516606503048,17.078009288239684,50.00760104288686,49.99239895711314,13
Falcons2015,19.012153081526105,1.9631971124317507,22.530209833337526,2.6714599251940756,14.292139893131518,20.977793430043146,8.644547468036437,7.2019045236962995,2.706594732603145,60.46915984562097,39.53084015437903,8
Panthers2015,12.706358814873985,8.109699071109912,6.964410525793147,6.709084279015761,17.48413337811071,24.806253145964405,14.879037465278325,4.272011411329755,4.069011908524,51.973686068903504,48.026313931096496,15
Bengals2015,7.615268728422473,3.005392774386521,13.92784531507569,2.947033069666322,19.369023336637593,19.274192256391242,15.320582394226651,6.038758638615987,12.50190348657752,46.86456322418861,53.13543677581139,12
Jaguars2015,6.520730461408274,4.428220262363521,6.244456141332323,13.088135829117991,19.74315910111932,27.359397852806296,10.844888298412235,4.278000974893915,7.493011078546123,50.02470179534143,49.97529820465857,5
Saints2015,24.34359490352631,5.464962765758609,9.063051679322681,3.732325022239248,17.668077464332676,9.112936752140296,10.526700739232172,10.721089807549887,9.367260865898116,60.272011835179526,39.727988164820474,7
Giants2015,13.52203855928077,6.107489275918294,13.286913830878484,1.676595971055697,20.46896901181161,16.677369277496847,9.750315355715285,2.9598481480251193,15.550460569817895,55.06200664894485,44.93799335105515,6
Packers2015,15.236532802977313,2.212226375917313,9.87524551019617,2.4994861220494715,16.06059252008477,8.063509490330752,27.852294125295092,8.1835905422917,10.016522510857415,45.884083331225035,54.115916668774965,10
Steelers2015,17.80964224139055,2.8563486234573765,9.361438316412947,5.36402151048565,16.991695521478565,12.735234959961296,18.314098357018793,4.864550101047465,11.702970368747359,52.38314621322508,47.61685378677492,10
Ravens2015,15.067467784022421,2.591025691506505,8.85026100480849,7.80947323016068,18.457469567105033,5.743383609291422,19.829577068668385,15.160177942610066,6.491164101827,52.77569727760313,47.22430272239687,5
Cowboys2015,14.123338836138084,3.024441950150094,9.477000696145966,7.03149255907199,14.644131030454869,16.540042281033568,10.698521893586884,4.367802413300471,20.093228340118074,48.300405071961,51.699594928039,4
49ers2015,16.8605924212368,4.361532329062733,13.506119844288849,2.7027287996856115,19.329287840914084,8.199539667729988,20.025066165304228,8.687476808025085,6.3276561237526225,56.760261235188075,43.239738764811925,5
Browns2015,6.182586820179219,1.5004644490414953,11.298974602141898,3.966708834124248,20.808453671480233,12.643000535972368,16.734087469098636,8.904184797118987,17.961538820842915,43.75718837696709,56.24281162303291,3
Chiefs2015,18.673390044882513,8.395996786815056,5.366903099554913,1.9766469376971996,14.50754480274117,10.274297972213898,18.90322632251957,12.270460861110264,9.631533172465415,48.92048167169086,51.07951832830914,11
Rams2015,4.129466844259084,3.6193728006180153,9.389166792374558,12.246037186487335,14.799732827966375,37.405134789971726,8.508106340939221,6.505367754001746,3.3976146633819364,44.18377645170537,55.81622354829463,7
Raiders2015,1.7521057681179093,3.569636526916078,11.184201283379219,4.384270013326704,28.460261913716145,21.405525599119336,11.662608853246672,13.456138938995595,4.125251103182341,49.35047550545605,50.64952449454395,7
Buccaneers2015,5.5441619477119035,4.7223064771481145,16.848154704366596,4.0300090051140245,18.717571062742945,27.336082525693374,11.326798971583843,3.7984071112047526,7.6765081944344455,49.86220319708359,50.13779680291641,6
Seahawks2015,7.026320790257852,8.735479366613442,8.121320995958518,8.26511927201364,10.521697872102381,22.481110753041104,10.660475392841251,11.410677917035226,12.777797640136587,42.66993829694584,57.33006170305416,10
Texans2015,5.211415873730533,8.914717689512079,5.255068953193154,4.674304961022971,18.487003741512193,16.86983075644698,17.728252793363474,3.958120191642724,18.90128503957589,42.54251121897093,57.45748878102907,9
Colts2015,8.74859650834562,4.4256040912310715,10.492650350094232,3.218534059932158,11.459988144015991,11.914506885571997,28.315771644057197,4.62784154584507,16.79650677090666,38.34537315361907,61.65462684638092,8
Dolphins2015,6.782757297293225,2.3330130485375955,6.26158391485515,6.065575098821137,20.598963550229993,26.52663613434571,8.723027819220054,9.660261317633962,13.048181819063174,42.0418929097371,57.9581070902629,6
Bills2015,3.1366623143577743,6.476416971325768,10.740577197467685,4.819308594800849,12.677194155177046,36.832342127208996,6.438228179200978,4.753946652763211,14.125323807697693,37.85015923312912,62.14984076687088,8
Titans2015,4.714432893571308,4.9679512870312905,7.623719729293963,9.817389138489828,10.484906761443336,20.39856786304658,14.857645649225377,12.157470376762406,14.977916301135911,37.60839980982973,62.39160019017027,3
Cowboys2016,16.605086324539137,6.297461201691685,13.767507271464318,6.848180897187127,14.857977768115866,10.40670605928247,11.064380976260328,5.807175568213017,14.345523933246051,58.37621346299813,41.62378653700187,13
Redskins2016,17.5466529037282,1.9165924960791074,18.55859358583795,6.618588491964177,20.57151171159351,7.751716594273049,12.462816007615908,6.10421344855586,8.469314760352239,65.21193918920295,34.788060810797056,8
Steelers2016,18.390089086240504,3.218087839639105,12.256760981196146,3.000600406369293,20.609517354839234,10.325370834082868,22.13524739618361,5.270817214812165,4.793508886637072,57.475055668284284,42.524944331715716,11
Patriots2016,11.932908910636185,3.921714863073526,13.321261308989152,9.973635437674108,20.958051498383757,15.665011693884049,10.518113670888786,9.974860063261843,3.7344425532085936,60.10757201875673,39.89242798124327,14
Chargers2016,12.308083186050068,5.099025371035872,12.90822116697006,5.9282033113658406,18.385566782251605,16.09373864811267,10.971263441288333,5.078732078583715,13.22716601434184,54.62909981767344,45.37090018232656,5
Falcons2016,20.89787507328211,1.5106004019003385,17.89322389350215,4.473649228460409,17.15971142178115,20.13018629896595,8.572202182430505,3.9976310670213953,5.364920432655994,61.93506001892616,38.06493998107384,11
Vikings2016,8.590359637014066,9.444281137157931,5.9408190057910755,5.3934923468391345,22.722076893480033,19.375811539619665,8.208223350851565,8.932483718344928,11.392452370901605,52.09102902028224,47.90897097971776,8
Bears2016,15.015571709959886,1.6137520185860592,17.4857331084228,3.09862959737397,18.64036187400534,7.828036515500682,26.260872511098913,2.822284548923953,7.234758116128396,55.854048308348055,44.145951691651945,3
Panthers2016,18.246063348035236,9.32196310118599,7.273410794464646,6.822021901145381,21.37659615307486,13.458912183313307,15.57102288664546,4.9482081876678645,2.9818014444672554,63.04005529790611,36.959944702093885,6
Colts2016,15.521649667650639,4.312604905629031,11.396285731383278,8.657747787968765,16.297708845252888,8.655073061251763,18.442976399533663,5.943624979977422,10.77232862135255,56.1859969378846,43.8140030621154,8
Bengals2016,9.536331779181527,5.0936758627618355,12.069082953024806,3.289000253701368,18.11370328991859,20.85384869812033,10.236896885290873,7.344651578472272,13.4628086995284,48.10179413858813,51.89820586141187,6
Buccaneers2016,5.600944100328087,6.81026856719045,13.731662015342458,3.128426609165303,19.370895735061623,22.480236675150234,10.27542134887732,3.8768213994469933,14.72532354943753,48.642197027087924,51.357802972912076,9
Cardinals2016,14.942205372953477,3.685561135507575,13.592392265548268,4.235039916128406,13.752743613393088,17.526918335895456,12.429371984526604,7.988983030833384,11.846784345213742,50.207942303530814,49.792057696469186,7
Packers2016,13.640281082556424,3.3512563243712212,14.075155850209512,2.428084469457086,14.257005757736607,9.62441325811272,23.827332162841103,7.520038079819093,11.276433014896236,47.75178348433085,52.24821651566915,10
Raiders2016,3.2909704702072218,2.006647362999544,13.78316329686801,4.179117884098183,26.31919928217546,21.506302085841924,5.03501057557673,9.038643834072369,14.84094520816056,49.57909829634842,50.42090170365158,12
Lions2016,19.64261681286523,3.3426912591042623,14.896394914258476,5.482570991249295,14.454626698463949,14.575963421483667,11.395161066001465,9.417067558815202,6.7929072777584505,57.818900675941215,42.181099324058785,9
Giants2016,18.381388316665117,6.94139516901124,11.440602142949595,2.165031419740607,9.61057487008633,14.676663822366587,18.5630599439743,2.5845767531888355,15.636707562017392,48.538991918452886,51.461008081547114,11
Jaguars2016,7.586341945526565,3.8766094526168278,10.28206472732568,8.339884500446615,16.57393780891362,28.290004783065992,7.888578618408068,5.340208652900651,11.822369510795982,46.658838434829306,53.341161565170694,3
Ravens2016,18.815007197433,1.9491699561260551,10.651710463482964,6.695623091191128,14.08366901188751,5.662445980342792,17.137214952375043,14.794667602856054,10.210491744305452,52.195179720120656,47.804820279879344,8
Jets2016,7.521220073856775,3.9713082649213254,15.447628017416815,1.8832430712088517,20.71884808569289,16.302260943387047,10.05366453604702,5.847801665002713,18.254025342466562,49.542247513096655,50.457752486903345,5
Eagles2016,7.926296408911288,8.209893878039521,3.9241825480108785,5.088891734178411,26.807594970755368,23.568091204455882,9.632786297686904,9.176457650089176,5.6658053078725725,51.95685953989546,48.04314046010454,7
Chiefs2016,15.445190308254157,6.135279353110035,12.274394773543396,3.7588032019596693,11.43268068277876,13.226711273449919,21.76140531520908,11.955667581444672,4.009867510250316,49.046348319646015,50.953651680353985,12
Titans2016,5.958561206934848,6.013845536506928,11.746459272476034,8.693453311817404,16.92380723695142,12.678558826692248,19.42505183034416,8.211582308264779,10.348680470012182,49.33612656468663,50.66387343531337,9
Texans2016,10.388060642998907,5.702462447442081,4.648168401107454,1.4864683087211408,22.418190175198987,16.533120265105957,20.612038079516463,3.8398842032536944,14.371607476655319,44.64334997546857,55.35665002453143,9
Dolphins2016,9.633028564327125,1.4322675981382436,4.618573888432751,8.208596534407164,20.91417530158542,30.744682959875995,6.436014461979807,8.620216637830717,9.392444053422778,44.8066418868907,55.1933581131093,10
49ers2016,19.59635109756571,2.5050488429468194,9.822009657004864,4.6438752433033335,13.996559273947156,10.117854965492006,22.874141617303014,8.938589919291623,7.505569383145474,50.56384411476788,49.43615588523212,2
Bills2016,7.980381444550766,7.995593037089217,10.06357983289623,6.20252045700071,14.985140205117313,23.474450936725553,6.352235981134957,11.146855935589864,11.799242169895388,47.22721497665424,52.77278502334576,7
Rams2016,7.533649192682044,5.326893355025194,13.535500402737725,6.199409938549504,15.10065080044521,27.633830281210006,7.893506378582641,4.935747808786734,11.840811841980942,47.69610368943968,52.30389631056032,4
Seahawks2016,14.50820403540231,1.707786762438786,10.50174329088927,9.687399791665948,4.817161345739369,17.545740975686307,11.781078662555135,13.685822485567174,15.765062650055704,41.22229522613568,58.77770477386432,10
Saints2016,18.708372356632086,4.985459215460864,5.249875393415145,5.7547330404408665,19.270163154234815,14.492680368031579,10.026257823082767,16.660790729270087,4.851667919431794,53.968603160183775,46.031396839816225,7
Broncos2016,1.730614413537416,5.857130234080505,18.852050618665906,3.06341178698702,10.93695382806885,17.515192981721658,16.163461233419266,8.791326909800041,17.089857993719335,40.4401608813397,59.5598391186603,9
Browns2016,12.026828951972119,3.135103228203694,8.794734296561902,3.9974901445532445,22.74977564778993,13.241491883112383,7.760131431125416,2.731870461413657,25.562573955267652,50.703932269080894,49.296067730919106,1
Steelers2017,14.025297185824993,8.756106025701744,11.871379025131992,2.6343214812983584,26.077784381373046,10.572631645128892,10.076159660119137,8.32989012759421,7.656430467827629,63.36488809933013,36.63511190066987,13
Raiders2017,11.157989058573826,2.5588872424531535,13.878907989256344,5.566341432354894,28.199981028363514,13.694317980488451,2.558727064255497,7.430420764784992,14.95442743946933,61.36210675100173,38.63789324899827,6
Falcons2017,18.645951620110296,4.0308519690008096,19.108643578413695,2.7330535379878627,17.646595302120165,20.034487816696128,5.856848104596943,4.457798623300938,7.485769447773164,62.165096007632826,37.834903992367174,10
Redskins2017,17.41110130089441,2.828370939367715,6.887010438253468,7.484814592403827,21.970968324268796,7.8712582829883875,15.930086864224346,4.176387384475153,15.440001873123897,56.58226559518822,43.41773440481178,7
Cardinals2017,18.661276786172063,2.320532411455985,12.934224796552776,3.858594777371903,18.299860515282056,8.25622042496257,12.396743067463717,9.953266563409997,13.319280657328932,56.07448928683479,43.92551071316521,8
Packers2017,13.86148043940863,1.577873430007759,20.800440568980797,2.4742808453674656,18.816522636307866,9.695117292482745,18.935023508737935,7.728607894621935,6.110653384084865,57.530597920072516,42.469402079927484,7
Eagles2017,5.248871132812086,5.0926791863802885,13.493079474013149,6.673441581186997,22.89519398296727,24.247990926602345,9.710897543224583,9.757811718678317,2.880034454134963,53.4032653573598,46.5967346426402,13
Bears2017,14.222742594943176,1.5943434689978784,9.78908689292386,7.10721214640816,21.30793413359165,9.889305556322364,19.363913840490376,4.835852461005611,11.889608905316921,54.02131923686473,45.97868076313527,5
Panthers2017,14.487181752553191,7.2187311559447815,4.844213546216045,10.117823885553046,14.567685757212946,19.48925908388317,20.15264382433604,4.9074335673395675,4.215027426961216,51.23563609748001,48.76436390251999,11
Saints2017,15.754369048582088,5.1444091573567805,5.54844200043153,10.274905114254993,25.33478304988324,17.930403657105433,8.79441758302388,7.322602110571782,3.895668278790274,62.05690837050863,37.94309162949137,11
Patriots2017,9.730825070489724,7.401076099056092,12.662792764556299,8.682752648189204,14.920254597853464,9.028079494194243,10.459501416704494,15.9542703475109,11.16044756144558,53.397701180144786,46.602298819855214,13
Dolphins2017,22.22756252334486,2.225615056380527,6.5733505188798595,6.40061401823352,15.255357806779433,26.530455279639153,9.316049521441125,7.598862255427626,3.8721330198738992,52.68249992361821,47.31750007638179,6
Ravens2017,20.59487918055947,4.058820028480726,12.485866146131134,4.1536217799341895,17.980014942415817,6.630322735049243,12.801084395630786,9.718770617405552,11.576620174393081,59.27320207752134,40.72679792247866,9
Cowboys2017,1.417923216962235,6.268632023438103,20.73417694288959,13.178393721606556,18.88477503718648,17.62600356082648,10.797193242124267,2.4654104393651535,8.627491815601134,60.48390094208296,39.51609905791703,9
Bengals2017,10.929112343873859,4.924613196974918,15.894699921363463,6.124658523244654,11.230945691551923,17.400648122457127,11.459668731642115,7.136550514337809,14.89910295455413,49.10402967700882,50.89597032299118,7
Chargers2017,13.955069528156042,3.686294087656312,14.991397542914042,6.547322300093283,15.662515814834798,27.880349299433654,5.705254244319106,4.774686787552903,6.79711039503986,54.84259927365448,45.15740072634552,9
Bills2017,8.54613277348163,9.340717258017706,5.423159078400296,9.572555756231854,29.8802687934585,20.070442121953523,5.908190114964236,6.4158556661211765,4.8426784373710765,62.76283365958999,37.23716634041001,9
Colts2017,17.57164217932377,5.3236099379699295,12.389671496039526,7.971927571531889,16.11553242312638,27.075790924512855,4.050174729915235,6.008886634276894,3.4927641033035246,59.372383607991495,40.627616392008505,4
Lions2017,12.108342991530098,3.944746316463241,13.26191211299961,3.9271788773993763,16.356256015567595,21.294155370627436,8.552193427554602,7.828562392954966,12.726652494903078,49.59843631395992,50.40156368604008,9
Giants2017,14.009051341987576,4.4723964865100205,9.519924299230592,3.139873336296926,14.353423155754887,14.818852074399196,18.881253900380337,2.5284541456642713,18.276771259776197,45.49466861978001,54.50533138021999,3
Jaguars2017,6.41577307988923,8.74240118649706,8.60752894917059,4.765034940829267,15.30351928997605,28.759265423572863,8.418751259771211,10.165670739154297,8.822055131139432,43.8342574463622,56.1657425536378,10
Texans2017,2.720790257348936,6.662202609605615,15.984559763825194,7.502549814524561,14.44834237782708,12.578617634736275,17.50567837541647,7.478753615436037,15.118505551279835,47.31844482313139,52.68155517686861,4
Vikings2017,16.106280575035093,4.368534140715273,7.744965944402447,5.712794149369921,13.89551388355607,21.09206299108859,7.605498883587034,8.199473687454798,15.274875744790775,47.828088693078804,52.171911306921196,13
Buccaneers2017,8.310467895444198,6.349582915779987,13.312432988404465,2.2504710687033254,16.633591589883526,28.306010154485843,6.243626615516954,6.017490842332658,12.576325929449043,46.856546458215504,53.143453541784496,5
Chiefs2017,14.714862589337363,2.9448255730609962,3.7990275318452573,4.991355855587101,17.77251746222093,11.777682673152581,29.509426537013315,9.752008976492471,4.7382928012899885,44.22258901205164,55.77741098794836,10
Broncos2017,2.657417218697895,4.127641893993128,16.98042196565307,3.27511001230682,16.06560334680994,12.273464550735314,22.22119995785786,5.947818498577398,16.451322555368577,43.10619443746086,56.89380556253914,5
Rams2017,5.39831405364277,4.840199209756064,17.555000219757385,2.2536102407247594,14.170199108265324,13.264692180325016,23.485433426647734,3.615643818901371,15.416907741979577,44.2173228321463,55.7826771678537,11
Seahawks2017,9.932787635553641,3.579580020787125,5.611176340152809,8.073881396076244,13.582407776226484,19.155223192690954,11.745120517197737,13.435801452245718,14.884021669069286,40.7798331687963,59.2201668312037,9
Titans2017,7.121026436958015,6.016776947062315,13.424263209622135,5.1500278638948656,11.78192032556421,14.440081550648278,22.161378350967855,9.395392348473347,10.50913296680898,43.49401478310154,56.50598521689846,9
Jets2017,6.754696667728991,8.356213343267452,6.531629639875309,1.9802171022128705,24.106264512976942,24.31814285247217,9.083450530217393,5.609900548972731,13.259484802276141,47.729021266061565,52.270978733938435,5
Browns2017,2.1221618485837443,4.292894301166284,4.9920238771475995,3.1254578701288884,39.96252842239778,14.142659411689568,20.75450813083242,3.728602406701276,6.8791637313524365,54.495066319424296,45.504933680575704,0
49ers2017,1.2916608731280783,2.850833650559104,13.950373099176606,3.8659917672206525,25.885246558456465,27.009056666694683,9.02612241597627,9.621219767149743,6.4994952016384,47.84410594854091,52.15589405145909,6
49ers2018,23.42764590181019,5.097928392395743,11.31533211114024,2.234616840526789,20.71204767031468,16.291043442989412,5.4297410233814745,3.870512561670497,11.621132055770973,62.78757091618764,37.21242908381236,4
Raiders2018,17.6110207782618,5.228848742851928,12.675562649593136,7.837697296785237,24.71993596338404,9.659181298742109,6.93588204030205,7.521967395772477,7.809903834307227,68.07306543087614,31.926934569123866,4
Falcons2018,15.25353891878373,5.003902224577804,16.690189586695098,1.66212217199896,27.503923452553813,12.272633092117264,5.862022063391648,6.452622952283342,9.299045537598339,66.11367635460941,33.88632364539059,7
Packers2018,14.229945765239556,1.0198427544602342,17.219893931371235,6.985839184970621,21.31338211751851,12.574401061550196,18.129481324134556,1.9014762585358516,6.625737602219239,60.76890375356016,39.23109624643984,6
Redskins2018,14.376654079102565,4.154654491008262,7.423315853465245,10.693618566364963,22.877396321037015,7.659413896378488,15.605511433712092,3.623594719805188,13.585840639126182,59.52563931097805,40.47436068902195,7
Browns2018,15.853408167599436,3.6657323939362003,12.606824968764375,4.756665216669577,22.62932172754513,10.721370622336861,13.82824585465459,3.658217021425609,12.280214027068222,59.51195247451471,40.488047525485285,7
Saints2018,18.029014207253418,4.762852020772543,8.633749706838678,5.220232358667742,23.98622413206977,18.527418834271145,9.913892567134269,5.236051370746166,5.690564802246269,60.63207242560215,39.36792757439785,13
Chargers2018,14.396350119543634,2.959920382504771,15.830426815318988,4.399649381664401,17.418376749343082,22.581689601889245,4.602653653426451,6.655719501746313,11.155213794563116,55.00472344837488,44.99527655162512,12
Colts2018,20.288996308070775,1.6435469262639226,16.20884061458473,10.550105720545217,20.11793810909757,18.870957991854517,3.0361059553430434,5.096826812435249,4.186681561804975,68.80942767856222,31.190572321437784,10
Vikings2018,14.66207602175047,4.715346255076007,8.496183247514864,5.314806967496983,14.776391677275505,20.576795277209122,10.245345867164307,8.716270084438587,12.496784602074154,47.96480416911383,52.03519583088617,8
Buccaneers2018,7.220652196960556,2.278532461693894,19.529586659552216,5.8514235659302205,14.406792421364493,29.63768352119411,8.920231782599982,3.44874666753351,8.706350723171017,49.28698730550138,50.71301269449862,5
Eagles2018,13.78484629650862,3.2967869853824587,10.743779414050326,4.625049923148143,22.73060202975516,25.72426215290492,4.783943139990081,10.836041769817562,3.474688288442728,55.18106464884471,44.81893535115529,9
Patriots2018,14.82454345913515,5.078319312014889,10.019853097666138,10.769300474245535,13.091252603930267,11.613735012015823,10.287499916932713,14.657077878696748,9.658418245362734,53.78326894699198,46.21673105300802,11
Panthers2018,13.762588101203024,4.223076281326587,7.791856661271768,5.761228390000289,20.072119507837503,20.58528520635387,16.31387353652637,5.274349327798883,6.215622987681708,51.61086894163916,48.38913105836084,7
Bears2018,6.647275176147494,1.7974506901668144,16.391414176005345,10.57598222395899,16.205711868795927,10.204538095742008,23.940470744560884,2.6245165079115154,11.612640516711025,51.61783413507456,48.38216586492544,12
Bengals2018,10.176212408029778,3.6497739789131796,13.214796601909006,5.390268326961483,15.835090590058208,23.411445275632463,10.892147374078613,3.9773684185519045,13.452897025865367,48.266141905871656,51.733858094128344,6
Steelers2018,16.691341286418922,1.0483432150174548,8.881745283216917,3.996093925110991,23.801846690528624,12.596584831851429,15.457798186090036,5.13977196194961,12.386474619816015,54.4193704002929,45.5806295997071,9
Jets2018,10.458077145144708,5.355338008360314,8.655434103254365,2.562521218309857,24.450030266915597,10.840097795046225,11.86795729861652,7.260120236762945,18.55042392758947,51.48140074198484,48.51859925801516,4
Lions2018,19.316818654260185,5.402839181239679,7.192063714493719,3.344358802420885,18.542118202851505,18.191592940633576,9.218287249041602,9.720328982804014,9.071592272254831,53.798198555265984,46.201801444734016,6
Seahawks2018,16.717048851625467,3.1611258416886168,13.73555974612129,2.2229558937392726,15.853832445577595,7.309948872072836,18.169118240414136,17.84739894228407,4.983011166476717,51.69052277875224,48.30947722124776,10
Dolphins2018,7.000135696314633,2.7465778852475533,17.166305320598667,2.9481876454048503,20.35938190914961,27.2943443337688,11.159830005455834,8.87427048907089,2.4509667149891583,50.22058845671531,49.77941154328469,7
Jaguars2018,6.163013473133696,7.099744887916438,9.877576596904566,2.755179648353399,16.012645386433185,29.343495916029735,6.8481758848945065,6.421528650985654,15.47863955534882,41.90815999274128,58.09184000725872,5
Cowboys2018,1.3229499686618142,5.610836425563286,12.96945878671424,1.7273566626596448,31.426061402922304,26.05556401081653,13.343323874233619,3.4355917821620445,4.108857086266521,53.056663246521296,46.943336753478704,10
Chiefs2018,4.332210149887093,2.5739485264595046,8.990162649549074,8.611737577955255,23.499546146399375,9.255468055518191,25.01396172237956,14.069834347575334,3.6531308242766127,48.0076050502503,51.9923949497497,12
Giants2018,18.568414882341923,8.985333284604174,9.727691562698437,5.607508738254877,12.968776252199792,5.1287820299044755,24.40237382701047,4.177645796627841,10.433473626358008,55.857724720099206,44.142275279900794,5
Ravens2018,18.816521736210746,2.295298725949767,8.794077267847277,3.2509565115273427,14.83648613592983,7.020459119527587,15.520580335844404,11.220775109077623,18.244845058085424,47.99334037746495,52.00665962253505,10
Titans2018,5.994833424955638,4.063733294656163,5.238740774417688,7.278449642757645,20.838087132863674,16.63489820719909,19.76849775927762,7.225534573072237,12.95722519080025,43.41384426965081,56.58615573034919,9
Broncos2018,10.477807921433598,1.3099734922000106,9.6805258592046,1.988575333404235,18.469481393071597,13.082748011067757,23.80768836808415,5.771639051645373,15.41156056988868,41.92636399931404,58.07363600068596,6
Rams2018,5.746282770811633,5.923717993843942,9.275015216921226,1.8076944117794735,18.19645768044946,25.63277018474274,10.934568834629838,8.899171960002045,13.584320946819643,40.94916807380573,59.05083192619427,13
Texans2018,2.8698560722601023,5.601971051118071,14.632557974030808,2.525335883819779,13.926973687496671,12.413328435526338,20.0178308566472,7.579602988654026,20.432543050447002,39.556694668725434,60.443305331274566,11
Cardinals2018,4.1780481016685505,5.306063483105321,17.08252294336645,6.661650179584811,13.245154777836468,20.37789608921632,13.183810085075478,7.077887380810334,12.886966959336265,46.473439485561606,53.526560514438394,3
Bills2018,4.701557268199232,12.007053699211827,2.963927567308019,9.667963411646358,12.796974337768615,30.846259357555226,8.25917020889211,11.792288013262638,6.964806136155973,42.13747628413405,57.86252371586595,6
Packers2019,18.04346887742018,1.3661120857045324,9.791927050699513,9.909045130323156,27.47925170649288,5.267817749943776,14.183008686249568,5.81068246227707,8.148686250889321,66.58980485064026,33.41019514935974,13
Buccaneers2019,13.685892841377722,2.911114617526715,12.536320447839412,6.513849369905138,24.74623142302299,19.03069408823895,13.953487649064293,3.083302704653576,3.5391068583712078,60.39340869967197,39.60659130032803,7
Chargers2019,15.681090015644788,3.7530515216558236,13.678341024398152,4.063992409479297,21.740931417054405,21.74511695698732,7.956605962818454,4.209647345084905,7.171223346876854,58.917406388232465,41.082593611767535,5
Redskins2019,18.692592470293153,5.074529562192694,6.1510876467424165,10.906684464500747,19.880377962018912,6.874956146114761,13.743203157178424,4.667169108805821,14.009399482153071,60.70527210574792,39.29472789425208,3
Bengals2019,10.559705028697987,4.708414115707139,17.452837309670375,6.608608170724401,19.855881488166208,19.43184651743089,2.7916624902311487,4.294464530806876,14.296580348564975,59.18544611296611,40.81455388703389,2
Raiders2019,17.171150336508607,5.3489491353166185,9.625068388701335,3.8552240578926447,27.34853212374443,11.155870371017642,5.690181925559657,13.352985135689153,6.452038525569913,63.34892404216364,36.65107595783636,7
Browns2019,6.545485731487846,1.8840617852076447,19.774684179964073,3.632140389317775,20.325712506832353,19.65405672391772,7.968213804118256,8.443864914894142,11.771779964260192,52.16208459280969,47.83791540719031,6
49ers2019,11.865198335130735,7.985385968782131,8.783016891976969,2.3464516389621024,20.69619320929819,25.85767035233686,8.445695330555612,5.916282311422554,8.104105961534849,51.67624604415013,48.32375395584987,13
Cowboys2019,1.7624601528226331,4.405813492098058,14.07969666743779,3.712440540667471,32.12816889241769,24.291126316671427,9.066275730251323,3.4156113507781347,7.138406856855475,56.08857974544364,43.91142025455636,8
Saints2019,16.734605473354282,2.3638569369998765,8.21247412908334,4.0914213227416,26.68268251365113,16.02774693861016,12.78096542105724,3.07214006835207,10.034107196150297,58.08504037583023,41.91495962416977,13
Titans2019,13.359885016967278,4.199791144423484,9.261252124022608,5.042011309774138,19.804467929309975,14.693414767330513,11.280630619164883,4.839346507619443,17.519200581387675,51.667407524497484,48.332592475502516,9
Colts2019,7.238792268927492,1.7845627473883767,19.217958024471613,8.846673815453071,17.859581804772773,23.11982808097389,2.9845860991330913,5.6473847387092055,13.300632420170489,54.94756866101333,45.05243133898667,7
Giants2019,20.916804379524397,6.619982217762352,11.904470406120641,6.450481596255901,19.58687365060508,5.64948782805082,19.07711332407005,6.11221451744992,3.6825720801608344,65.47861225026837,34.52138774973162,4
Vikings2019,16.549905757957653,2.4404351016434003,12.419849520320863,3.352806696054791,13.346252424231912,21.471505719280515,7.123548181584846,8.311590679042164,14.984105919883858,48.10924950020862,51.89075049979138,10
Rams2019,7.2394972967326074,7.4613885441536665,16.252015899605347,2.601932937742872,19.57396814041492,18.819714739768617,14.755924857986365,6.030610994559451,7.264946589036152,53.12880281864941,46.87119718135059,9
Lions2019,20.7042000937348,1.4961911507299877,11.325013770407418,4.363932193292888,17.5916928029422,16.01351498692444,9.925354072129629,3.2532424205568247,15.326858509281802,55.48103001110731,44.51896998889269,3
Chiefs2019,6.77214321363882,4.733176006191709,18.172656892599687,8.622598841653712,21.427338818302783,15.106022197592518,8.649317453932596,10.0048802842072,6.511866291880973,59.72791377238671,40.272086227613286,12
Seahawks2019,17.542474003861404,3.2720067896727247,8.01547907207988,4.373196616644288,22.093751310360478,12.152367801932607,22.833430611506234,7.3492075742323495,2.3680862197100296,55.296907792618775,44.703092207381225,11
Falcons2019,11.217520192871545,5.889840237994505,9.521651975128766,3.2658807401543766,22.735252351726434,17.353708054606763,13.105384189850794,6.345853579633469,10.564908678033348,52.63014549787563,47.36985450212437,7
Eagles2019,9.456058676126395,3.6213404382220906,13.248253183171261,5.180618251175044,24.13551799417673,19.226344946161056,5.0945124150157595,13.62731992003861,6.410034175913056,55.64178854287152,44.35821145712848,9
Patriots2019,13.83234091354508,7.506543663087565,12.416837217446304,1.643334743849002,14.563086403311305,6.980972254318535,14.341684404915524,17.136494788378975,11.57870561114771,49.96214294123925,50.03785705876075,12
Jets2019,5.84790454396326,7.043822648848843,11.936537287820094,1.906025169464859,22.20690889594836,11.71742826390519,18.79904719627536,6.9271462541690925,13.615179739604942,48.94119854604541,51.05880145395459,7
Steelers2019,17.36403453793398,1.0960776212031378,2.8352873455615257,5.028227931823692,22.388979657999872,19.58013904593612,17.038014482497513,3.433535744649552,11.23570363239461,48.71260709452221,51.28739290547779,8
Texans2019,4.833982409602495,7.863990799319742,16.86294414721345,2.083531090748459,16.463895574631334,15.73448734579727,17.12740403416673,6.266403786679296,12.763360811841222,48.10834402151548,51.89165597848452,10
Bears2019,8.45462978877629,1.0783904420455523,17.18029497180933,7.514263578684735,11.949091826551447,11.011846303447014,21.164303051044175,3.418443113322936,18.228736924318515,46.17667060786735,53.82332939213265,8
Cardinals2019,6.038966515110906,8.836712472006832,12.23486567450466,2.5144663785670365,24.813617509374318,7.98244091990112,21.38126756121644,3.484334009407093,12.713328959911596,54.43862854956375,45.56137145043625,5
Jaguars2019,8.61146235753204,6.1049847351086095,9.313947486526118,3.6485362479965113,20.994566584174738,23.03931070282245,8.259986005908633,3.9941181516522604,16.03308772827864,48.67349741133802,51.32650258866198,6
Panthers2019,15.378701116625095,3.9608502759767457,5.797758680821228,5.691472450156266,14.257099724976719,19.163428065675895,25.69964040993614,5.412850274085576,4.6381990017463375,45.085882248556054,54.914117751443946,5
Bills2019,4.468881025093357,3.036701992686687,12.504091421857074,6.788650489288592,20.763712821277707,31.48058690801717,7.428712810827417,8.503231649166734,5.025430881785262,47.562037750203416,52.437962249796584,10
Ravens2019,2.845700293306596,3.1582291027586793,8.429451592112377,4.628326156249809,16.716789408168992,14.561745391114522,7.1032737947786675,16.028412236267993,26.528072025242366,35.77849655259645,64.22150344740355,14
Broncos2019,4.923578805365659,3.5065149188300335,3.200975515925379,5.55385741641705,18.634236533636155,13.543572289158465,28.88279628382687,7.9399393350608,13.814528901779587,35.81916319017428,64.18083680982572,7
Dolphins2019,6.606438344762852,1.8462281196869952,20.510800985523993,2.588962951546555,9.334032710318096,6.580309135638154,9.040656251417923,27.231578745187413,16.26099275591802,40.88646311183849,59.11353688816152,5
